Badgeholder,
0xEee718c1e522ecB4b609265db7A83Ab48ea0B06f,
0x7899d9b1181cbB427b0b1BE0684C096C260F7474,
0x66Da63B03feCA7Dd44a5bB023BB3645D3252Fa32,
0x1de2A056508E0D0dd88A88f1f5cdf9cfa510795c,
0x98Ab20307fdABa1ce8b16d69d22461c6dbe85459,
0x925aFeB19355E289ED1346EDE709633cA8788b25,
0x92Bf20563e747B2f8711549Be17A9d7B876c4053,
0x66946def4ba6153C500D743b7A5FebfC1654d6bD,
0xe422d6C46a69e989BA6468CcD0435Cb0c5C243E3,
0x826976d7C600d45FB8287CA1d7c76FC8eb732030,
0x434F5325DdcdbBfcCE64bE2617c72c4Aa33Ec3E7,
0x53e0B897EAE600B2F6855FCe4a42482E9229D2c2,
0x885c327cAD2aebb969dfaAb4c928B73CA17e3887,
0x17640d0D8C93bF710b6Ee4208997BB727B5B7bc2,
0x7fC80faD32Ec41fd5CfcC14EeE9C31953b6B4a8B,
0x8Eb9e5E5375b72eE7c5cb786CE8564D854C26A86,
0x12681667BB220521C222F50ECE5Eb752046bc144,
0x3DB5b38ef4b433D9C6A664Bd35551BE73313189A,
0x534631Bcf33BDb069fB20A93d2fdb9e4D4dD42CF,
0xe53e89d978Ff1da716f80BaA6E6D8B3FA23f2284,
0x3B60e31CFC48a9074CD5bEbb26C9EAa77650a43F,
0x512fce9B07Ce64590849115EE6B32fd40eC0f5F3,
0x849151d7D0bF1F34b70d5caD5149D28CC2308bf1,
0xB0623C91c65621df716aB8aFE5f66656B21A9108,
0xcf79C7EaEC5BDC1A9e32D099C5D6BdF67E4cF6e8,
0x801707059a55D748b23b02043c71b7A3D976F071,
0x7AE8b0D6353F0931EB9FaC0A3562fA9e4C6Ff933,
0x07Fda67513EC0897866098a11dC3858089D4A505,
0xe4c3768f48D4E676aE48c189db726eDF8C1D401e,
0x75536CF4f01c2bFa528F5c74DdC1232Db3aF3Ee5,
0x585639fBf797c1258eBA8875c080Eb63C833d252,
0x69E271483C38ED4902a55C3Ea8AAb9e7cc8617E5,
0x6Dc43be93a8b5Fd37dC16f24872BaBc6dA5E5e3E,
0x00409fC839a2Ec2e6d12305423d37Cd011279C09,
0x1E6D9F536a5d1CC04fC13b3133EFdB90C8EE5ea1,
0xd31b671F1a398B519222FdAba5aB5464B9F2a3Fa,
0x0f2CE18919b4eb9838760cFDDa65E4C8766E9c19,
0x894Aa5F1E45454677A8560ddE3B45Cb5C427Ef92,
0x396a34c10b11E33a4Bf6F3e6A419A23c54Ad34Fb,
0x5e349eca2dc61aBCd9dD99Ce94d04136151a09Ee,
0xF68D2BfCecd7895BBa05a7451Dd09A1749026454,
0xBF430a49C4d85AeeD3908619D5387A1fbF8E74A9,
0x94Db037207F6fB697DBd33524aaDffD108819DC8,
0xABF28f8D9adFB2255F4a059e37d3BcE9104969dB,
0x0331969e189D63fBc31D771Bb04Ab44227D748D8,
0x146cfED833cC926B16B0dA9257E8A281c2add9F3,
0x8c50651d964B1a573ba0cf51980CA51D9e42623C,
0x634C474A393E4498Bc2F0C1DeE16A50E9E0Ebe2b,
0xa142aB9eab9264807A41F0E5cbDab877D204E233,
0x399e0Ae23663F27181Ebb4e66Ec504b3AAB25541,
0x006a8a496889e9983A5256F34B608Ee9569ba319,
0x91031DCFdEa024b4d51e775486111d2b2A715871,
0x06F455e2C297a4Ae015191FA7A4A11C77c5b1b7c,
0x66810420d110919a0E8b550fDE3fE24D50ef0e26,
0xa3EaC0016f6581AC34768C0D4B99DDcd88071c3C,
0x55aEd0ce035883626e536254dda2F23a5b5D977f,
0x23936429FC179dA0e1300644fB3B489c736D562F,
0x665d84FFFddd72D24Df555E6b065B833478DfFCa,
0x7a48A728d9Fd2d5a55c545c4378E5bA909349E90,
0xebb03F5a580Ff088BD4269F88a0Cfe5eaF00D2b0,
0xDCF7bE2ff93E1a7671724598b1526F3A33B1eC25,
0x60Ca282757BA67f3aDbF21F3ba2eBe4Ab3eb01fc,
0x5872Ce037211233b9F6F5095c25988021f270C21,
0xbc3ed6B537f2980e66f396Fe14210A56ba3f72C4,
0x57893e666BD15E886D74751B0879361A3383b57A,
0xc2E2B715d9e302947Ec7e312fd2384b5a1296099,
0xAeb99a255C3A243Ab3e4F654041e9BF5340cF313,
0x34aA3F359A9D614239015126635CE7732c18fDF3,
0x1d3bf13f8f7A83390d03Db5E23A950778e1d1309,
0x2B888954421b424C5D3D9Ce9bB67c9bD47537d12,
0x45a10F35BeFa4aB841c77860204b133118B7CcAE,
0x648aA14e4424e0825A5cE739C8C68610e143FB79,
0x5554672e67bA866B9861701D0e0494AB324aD19A,
0xDb150346155675dd0C93eFd960d5985244a34820,
0x842bB1bb84CC8A3D6277b0ff9729d22D55E9C50B,
0xAC3A69DD4a8fEcC18b172Bfa9643D6b0863819c8,
0xDc0A92c350A52b6583e235a57901B8731aF8B249,
0x73186b2A81952C2340c4eB2e74e89869E1183dF0,
0x5507dbd48a5A5bAcE8a6030e878cC4E0af147C33,
0x53C61cfb8128ad59244E8c1D26109252ACe23d14,
0xE4239eb12C1C6e5a84727dB0A7B0507311eb5389,
0x28F569cC6C29D804A1720edC16bF1eBab2eA35B4,
0x48A63097E1Ac123b1f5A8bbfFafA4afa8192FaB0,
0x576F1E53afe5e99b2257258C7E3248d3a1822548,
0x488b2608A66e5d32E5a91eba21A198bd3Fd8BcD9,
0x9934465Ee73BeAF148b1b3Ff232C8cD86c4c2c63,
0x4Fd6B3204A6Ab48978018b25821682F090840333,
0x288C53a1BA857EaD34AD0e79F644087F8174185a,
0x429F9aDA43e9F345CbB85EC88681BB70Df808892,
0xf503017D7baF7FBC0fff7492b751025c6A78179b,
0x9C949881084dCbd97237f786710aB8e52a457136,
0x616caD18642F45d3fa5FCaaD0a2d81764A9cBa84,
0xA50d0e425461ccAb26Ef30104cDd879b90dB3843,
0x1F5D295778796a8b9f29600A585Ab73D452AcB1c,
0x07bF3CDA34aA78d92949bbDce31520714AB5b228,
0x6EdA5aCafF7F5964E1EcC3FD61C62570C186cA0C,
0x15C6AC4Cf1b5E49c44332Fb0a1043Ccab19db80a,
0x9194eFdF03174a804f3552F4F7B7A4bB74BaDb7F,
0xc5CD017ce8EFD2FefeDf114350657394531477AE,
0x5d36a202687fD6Bd0f670545334bF0B4827Cc1E2,
0xdA60aceb12A1A61d09B008ae4a60c760dB32220F,
0x5a5D9aB7b1bD978F80909503EBb828879daCa9C3,
0x8f07bc36ff569312FDC41F3867D80bBd2FE94b76,
0xd35E119782059A27FEAd4EddA8B555f393650BC8,
0xd8dA6BF26964aF9D7eEd9e03E53415D37aA96045,
0x308fedfb88F6E85F27b85c8011cCb9b5e15BCbF7,
0xDca1bb1fc782eA3FA76eA4aDa42aF10C85766B6A,
0x51448923d8a215a5A8cd872a51f22c2f5c43b444,
0x378c23B326504Df4d29c81BA6757F53b2c59f315,
0xBC39FB41Fe0229352774930c5Aa3Bf1635C2665F,
0x14276eB29e90541831cb94C80331484ae6D2A1D8,
0x69DC230B06A15796e3f42bAF706e0e55d4D5eAA1,
0xeF32eb37f3E8B4bDDdF99879b23015F309ED7304,
0x839395e20bbB182fa440d08F850E6c7A8f6F0780,
0x29C4dbC1a81d06c9AA2fAed93Bb8B4a78F3eabDb,
0x1C9a6c17BA87451520cC4aA4ca63DB07Dc180242,
0x7F22646E85Da79953Ac09E9b45EE1b3Be3A42abC,
0xdb5781a835b60110298fF7205D8ef9678Ff1f800,
0xa2bbe92f4E320185DD42261897464F60C9A05A35,
0xDd7a79b1b6e8Dd444F99d68a7D493A85556944a2,
0xF4B0556B9B6F53E00A1FDD2b0478Ce841991D8fA,
0xb8C6DA1C1e8A4473f290941278E66BFDBe4fd6C8,
0xde2b6860cB3212A6a1f8f8628aBfe076723A4B39,
0x490C91F38Ec57E3ab00811e0C51A62BfED7e81F4,
0xDaDd7c883288Cfe2E257B0A361865E5e9349808b,
0x75cac0CEb8A39DdB4942A83AD2aAfaF0C2A3e13f,
0xDcF09a83e9Cc4611b2215BFb7116BfAf5e906D3d,
0xA2BF1B0a7E079767B4701b5a1D9D5700eB42D1d1,
0x5555763613a12D8F3e73be831DFf8598089d3dCa,
0x61B647D3b5a04Eec7E78B1d9CFbF9deA593c7865,
0x64FeD9e56B548343E7bb47c49ecd7FFa9f1A34FE,
0x00De4B13153673BCAE2616b67bf822500d325Fc3,