chain_id,chain_name,from_name,is_op_transfer,tfer_from,tfer_to,to_name,trace_address,transfer_chain,tx_block_number,tx_block_time,tx_from,tx_hash,tx_method_id,tx_to,value,value_decimal,last_updated
8453.0,Base,Base Fee Disburser Proxy,True,0x09c7bad99688a55a2e83644bfaed09e62bdcccba,0x9c3631dde5c8316be5b7554b0ccd2631c15a9a05,OP Receiver,"0,12",base,5787729,2023-10-27 00:00:05.000 UTC,0xd46bd800702d639b3ad20c1230d9c1c751d41ea7,0x008a9a14642c53c79adf4ac55f02b54ba52541693cab18021efbb3ea1e51e412,0xb87ea8d4,0x09c7bad99688a55a2e83644bfaed09e62bdcccba,68237954490145866000,68.23795449014587,2024-10-01 02:35:13.068840
8453.0,Base,Base Fee Disburser Proxy,True,0x09c7bad99688a55a2e83644bfaed09e62bdcccba,0x9c3631dde5c8316be5b7554b0ccd2631c15a9a05,OP Receiver,"0,11",base,16155732,2024-06-23 00:00:11.000 UTC,0xd46bd800702d639b3ad20c1230d9c1c751d41ea7,0x0faf90a245fec79d4d52d2240add975cdba1566be45efad8f40b3b79839cc024,0xb87ea8d4,0x09c7bad99688a55a2e83644bfaed09e62bdcccba,15747115666379596000,15.747115666379596,2024-10-01 02:35:13.068840
8453.0,Base,Base Fee Disburser Proxy,True,0x09c7bad99688a55a2e83644bfaed09e62bdcccba,0x9c3631dde5c8316be5b7554b0ccd2631c15a9a05,OP Receiver,"0,11",base,18384498,2024-08-13 14:12:23.000 UTC,0x98faafab43c690fcd8a76e5605010aab891cedca,0x6b61c92f4c385fa8cdf317fc11b953534f2fa46d65df52f8843766d96bf91468,0xb87ea8d4,0x09c7bad99688a55a2e83644bfaed09e62bdcccba,10145675253642785000,10.145675253642784,2024-10-01 02:35:13.068840
7777777.0,Zora,Zora Disburser,True,0xe900b3edc1ba0430cfa9a204a1027b90825ac951,0xa3d596eafab6b13ab18d40fae1a962700c84adea,OP Receiver,"0,0,1",ethereum,20014153,2024-06-03 22:03:59.000 UTC,0xefcf0c8fafb425997870f845e26fc6ca6ee6dd5c,0x73914986586982364e4415e521fec47b4b48c5a4d3fa0d8123ae12fb125ed9c1,0x6a761202,0xe900b3edc1ba0430cfa9a204a1027b90825ac951,9295676233249464000,9.295676233249464,2024-10-01 02:35:13.068840
10.0,OP Mainnet,OPM L1 Standard Bridge,True,0x99c9fc46f92e8a1c0dec1b1747d010903e884be1,0xa3d596eafab6b13ab18d40fae1a962700c84adea,OP Receiver,"0,5,1,2,1,2",ethereum,19366978,2024-03-05 05:48:59.000 UTC,0xb2644085922cd777b7f31698a4a7c4e83cd1a8a8,0xbb1f58650f7a242e5ccb19b88c4f8888728d313015b5c3272ec04836149debf2,0x8c3152e9,0xbeb5fc579115071764c7423a4f12edde41f106ed,322094139958622550000,322.0941399586226,2024-10-01 02:35:13.068840
8453.0,Base,Base Fee Disburser Proxy,True,0x09c7bad99688a55a2e83644bfaed09e62bdcccba,0x9c3631dde5c8316be5b7554b0ccd2631c15a9a05,OP Receiver,"0,11",base,6652029,2023-11-16 00:10:05.000 UTC,0xd46bd800702d639b3ad20c1230d9c1c751d41ea7,0xa72e74bcc2dd5227bc17e0aa91b9e6e8f28bfdd2cdad721bda63fb7a040a3888,0xb87ea8d4,0x09c7bad99688a55a2e83644bfaed09e62bdcccba,625218176137801000,0.625218176137801,2024-10-01 02:35:13.068840
,RaaS - Conduit,Conduit Disburser 2,True,0x793e01dcf6f9759bf26dd7869b03129e64217537,0xa3d596eafab6b13ab18d40fae1a962700c84adea,OP Receiver,"0,0",ethereum,20566623,2024-08-20 01:42:23.000 UTC,0xefcf0c8fafb425997870f845e26fc6ca6ee6dd5c,0x91c4acde2eb2a9848245f0ca335b4cbb571778c25ad8ca4d0bdfd6a0997ec659,0x6a761202,0x793e01dcf6f9759bf26dd7869b03129e64217537,3250500000000000000,3.2505,2024-10-01 02:35:13.068840
8453.0,Base,Base Fee Disburser Proxy,True,0x09c7bad99688a55a2e83644bfaed09e62bdcccba,0x9c3631dde5c8316be5b7554b0ccd2631c15a9a05,OP Receiver,"0,11",base,6307330,2023-11-08 00:40:07.000 UTC,0xd46bd800702d639b3ad20c1230d9c1c751d41ea7,0x4cc1706d41547e98e8408dffb0a74a8fc551bd0cebde0b8556a955c94177d6e5,0xb87ea8d4,0x09c7bad99688a55a2e83644bfaed09e62bdcccba,582885010607600300,0.5828850106076002,2024-10-01 02:35:13.068840
8453.0,Base,Base Fee Disburser Proxy,True,0x09c7bad99688a55a2e83644bfaed09e62bdcccba,0x9c3631dde5c8316be5b7554b0ccd2631c15a9a05,OP Receiver,"0,11",base,6955481,2023-11-23 00:45:09.000 UTC,0xd46bd800702d639b3ad20c1230d9c1c751d41ea7,0x2a400f228cf2ecef9a4d230386d6fb5c7ad31eaae912ac11a0fda5e982426c7b,0xb87ea8d4,0x09c7bad99688a55a2e83644bfaed09e62bdcccba,846672816271307600,0.8466728162713076,2024-10-01 02:35:13.068840
8453.0,Base,Base Fee Disburser Proxy,True,0x09c7bad99688a55a2e83644bfaed09e62bdcccba,0x9c3631dde5c8316be5b7554b0ccd2631c15a9a05,OP Receiver,"0,11",base,11014934,2024-02-25 00:00:15.000 UTC,0xd46bd800702d639b3ad20c1230d9c1c751d41ea7,0x34520ccf81ec655a891f97570012f1cf32ec5cd10fbe5dcfcf30514d699eeb6b,0xb87ea8d4,0x09c7bad99688a55a2e83644bfaed09e62bdcccba,9064083860601388000,9.064083860601388,2024-10-01 02:35:13.068840
8453.0,Base,Base Fee Disburser Proxy,True,0x09c7bad99688a55a2e83644bfaed09e62bdcccba,0x9c3631dde5c8316be5b7554b0ccd2631c15a9a05,OP Receiver,"0,11",base,6177430,2023-11-05 00:30:07.000 UTC,0xd46bd800702d639b3ad20c1230d9c1c751d41ea7,0x78a124dfe459de6802a5bdf54abdc3e431f740b8dbe92f658785323dcb7287f0,0xb87ea8d4,0x09c7bad99688a55a2e83644bfaed09e62bdcccba,634284023829994400,0.6342840238299944,2024-10-01 02:35:13.068840
8453.0,Base,Base Fee Disburser Proxy,True,0x09c7bad99688a55a2e83644bfaed09e62bdcccba,0x9c3631dde5c8316be5b7554b0ccd2631c15a9a05,OP Receiver,"0,11",base,9805329,2024-01-28 00:00:05.000 UTC,0xd46bd800702d639b3ad20c1230d9c1c751d41ea7,0xf4b381bba5bc10f7771e8a9d1f1d8e80319a48ea9d240a9ea53f178a7ea2a235,0xb87ea8d4,0x09c7bad99688a55a2e83644bfaed09e62bdcccba,5257058278601969000,5.257058278601969,2024-10-01 02:35:13.068840
8453.0,Base,Base Fee Disburser Proxy,True,0x09c7bad99688a55a2e83644bfaed09e62bdcccba,0x9c3631dde5c8316be5b7554b0ccd2631c15a9a05,OP Receiver,"0,11",base,12703668,2024-04-04 02:11:23.000 UTC,0xd24da2ac8356b201fedfc56de8bef4d9087bb4e0,0x3973d3781645d359a2cbf831b121862c62998efb291dbbbf51ef6cb384c1904d,0xb87ea8d4,0x09c7bad99688a55a2e83644bfaed09e62bdcccba,154976947530450000000,154.97694753045002,2024-10-01 02:35:13.068840
8453.0,Base,Base Fee Disburser Proxy,True,0x09c7bad99688a55a2e83644bfaed09e62bdcccba,0x9c3631dde5c8316be5b7554b0ccd2631c15a9a05,OP Receiver,"0,11",base,7818134,2023-12-13 00:00:15.000 UTC,0xd46bd800702d639b3ad20c1230d9c1c751d41ea7,0x50620ad61ed238dd37fc996673a9ca3a4e2b665abc3bcd5b2cee08fadfdcb175,0xb87ea8d4,0x09c7bad99688a55a2e83644bfaed09e62bdcccba,2133704150823123000,2.133704150823123,2024-10-01 02:35:13.068840
8453.0,Base,Base Fee Disburser Proxy,True,0x09c7bad99688a55a2e83644bfaed09e62bdcccba,0x9c3631dde5c8316be5b7554b0ccd2631c15a9a05,OP Receiver,"0,11",base,11317333,2024-03-03 00:00:13.000 UTC,0xd46bd800702d639b3ad20c1230d9c1c751d41ea7,0x91764c7a81df734d1d23a505d05bb450cde63005f80c8f8d037fc3ec98dda267,0xb87ea8d4,0x09c7bad99688a55a2e83644bfaed09e62bdcccba,13196118126786886000,13.196118126786885,2024-10-01 02:35:13.068840
10.0,OP Mainnet,OPM L1 Standard Bridge,True,0x99c9fc46f92e8a1c0dec1b1747d010903e884be1,0xa3d596eafab6b13ab18d40fae1a962700c84adea,OP Receiver,"0,4,1,1,1,1",ethereum,18895137,2023-12-30 01:39:23.000 UTC,0xb2644085922cd777b7f31698a4a7c4e83cd1a8a8,0xab9711309b476cbd9d1746186a207f5496de16dc70eb96687d1b7291ca56bee0,0x8c3152e9,0xbeb5fc579115071764c7423a4f12edde41f106ed,261189398056088240000,261.18939805608824,2024-10-01 02:35:13.068840
8453.0,Base,Base Fee Disburser Proxy,True,0x09c7bad99688a55a2e83644bfaed09e62bdcccba,0x9c3631dde5c8316be5b7554b0ccd2631c15a9a05,OP Receiver,"0,11",base,5831079,2023-10-28 00:05:05.000 UTC,0xd46bd800702d639b3ad20c1230d9c1c751d41ea7,0xae7407b0916c82e96df0a88ddbea00ce44d6ff2f59e96cb484fd2eda9acc2086,0xb87ea8d4,0x09c7bad99688a55a2e83644bfaed09e62bdcccba,1289166207886258400,1.2891662078862585,2024-10-01 02:35:13.068840
8453.0,Base,Base Fee Disburser Proxy,True,0x09c7bad99688a55a2e83644bfaed09e62bdcccba,0x9c3631dde5c8316be5b7554b0ccd2631c15a9a05,OP Receiver,"0,11",base,7733384,2023-12-11 00:55:15.000 UTC,0xd46bd800702d639b3ad20c1230d9c1c751d41ea7,0x2ae1ffb42a93d0690710e0c0b8728f42dee23598b32375ba2ebfda7037b05e97,0xb87ea8d4,0x09c7bad99688a55a2e83644bfaed09e62bdcccba,839340384787242200,0.8393403847872423,2024-10-01 02:35:13.068840
8453.0,Base,Base Fee Disburser Proxy,True,0x09c7bad99688a55a2e83644bfaed09e62bdcccba,0x9c3631dde5c8316be5b7554b0ccd2631c15a9a05,OP Receiver,"0,11",base,5874429,2023-10-29 00:10:05.000 UTC,0xd46bd800702d639b3ad20c1230d9c1c751d41ea7,0xae41a8fd8e28ecb4d854db871493dcab9478be396a5e4f36125e15a60165a164,0xb87ea8d4,0x09c7bad99688a55a2e83644bfaed09e62bdcccba,1287328720764783400,1.2873287207647834,2024-10-01 02:35:13.068840
8453.0,Base,Base Fee Disburser Proxy,True,0x09c7bad99688a55a2e83644bfaed09e62bdcccba,0x9c3631dde5c8316be5b7554b0ccd2631c15a9a05,OP Receiver,"0,11",base,8595734,2023-12-31 00:00:15.000 UTC,0xd46bd800702d639b3ad20c1230d9c1c751d41ea7,0xe4217f529fcff75ebff0fe77d46efcf49860c61c67697fd76a5448f093897875,0xb87ea8d4,0x09c7bad99688a55a2e83644bfaed09e62bdcccba,5359231318858160000,5.35923131885816,2024-10-01 02:35:13.068840
8453.0,Base,Base Fee Disburser Proxy,True,0x09c7bad99688a55a2e83644bfaed09e62bdcccba,0x9c3631dde5c8316be5b7554b0ccd2631c15a9a05,OP Receiver,"0,11",base,15550933,2024-06-09 00:00:13.000 UTC,0xd46bd800702d639b3ad20c1230d9c1c751d41ea7,0x8134c7879c1505238d99fa3e8805a3013b16d1598099287e2b96af6a05594f31,0xb87ea8d4,0x09c7bad99688a55a2e83644bfaed09e62bdcccba,43040366645740550000,43.040366645740555,2024-10-01 02:35:13.068840
10.0,OP Mainnet,OPM L1 Standard Bridge,True,0x99c9fc46f92e8a1c0dec1b1747d010903e884be1,0xa3d596eafab6b13ab18d40fae1a962700c84adea,OP Receiver,"0,6,1,2,1,2",ethereum,20845615,2024-09-28 00:41:59.000 UTC,0xb2644085922cd777b7f31698a4a7c4e83cd1a8a8,0xa7b3566a5f4851b2c0f650c2f3f502ee3ace201a07922c8f95a5b720dd054ad0,0x8c3152e9,0xbeb5fc579115071764c7423a4f12edde41f106ed,18972000607122410000,18.97200060712241,2024-10-01 02:35:13.068840
10.0,OP Mainnet,OPM L1 Standard Bridge,True,0x99c9fc46f92e8a1c0dec1b1747d010903e884be1,0xa3d596eafab6b13ab18d40fae1a962700c84adea,OP Receiver,"0,6,1,2,1,2",ethereum,20845356,2024-09-27 23:50:11.000 UTC,0xb2644085922cd777b7f31698a4a7c4e83cd1a8a8,0x0da8c0cfc31883588fe438c89f4432e13e27355573f60fe41bb8ec4fd23baeb0,0x8c3152e9,0xbeb5fc579115071764c7423a4f12edde41f106ed,32151594774455132000,32.151594774455134,2024-10-01 02:35:13.068840
8453.0,Base,Base Fee Disburser Proxy,True,0x09c7bad99688a55a2e83644bfaed09e62bdcccba,0x9c3631dde5c8316be5b7554b0ccd2631c15a9a05,OP Receiver,"0,11",base,7473729,2023-12-05 00:40:05.000 UTC,0xd46bd800702d639b3ad20c1230d9c1c751d41ea7,0xa47ae0aab0a974369532be1da952f1d4dde63fc171e4d526ad8608938f78d1e8,0xb87ea8d4,0x09c7bad99688a55a2e83644bfaed09e62bdcccba,891649429557823600,0.8916494295578237,2024-10-01 02:35:13.068840
8453.0,Base,Base Fee Disburser Proxy,True,0x09c7bad99688a55a2e83644bfaed09e62bdcccba,0x9c3631dde5c8316be5b7554b0ccd2631c15a9a05,OP Receiver,"0,11",base,5917779,2023-10-30 00:15:05.000 UTC,0xd46bd800702d639b3ad20c1230d9c1c751d41ea7,0x04b71052413636467de21c8def772cb92225f6c5bfd6991a1076b10eacfb9f93,0xb87ea8d4,0x09c7bad99688a55a2e83644bfaed09e62bdcccba,691156253058464800,0.6911562530584647,2024-10-01 02:35:13.068840
7777777.0,Zora,Zora Disburser,True,0xe900b3edc1ba0430cfa9a204a1027b90825ac951,0xa3d596eafab6b13ab18d40fae1a962700c84adea,OP Receiver,"0,0,1",ethereum,19235143,2024-02-15 18:33:11.000 UTC,0xefcf0c8fafb425997870f845e26fc6ca6ee6dd5c,0xaadf8e06ab623cb3577d7df3e83236bfee3159a1bb01d81fec13b49492505030,0x6a761202,0xe900b3edc1ba0430cfa9a204a1027b90825ac951,4495500000000000000,4.4955,2024-10-01 02:35:13.068840
8453.0,Base,Base Fee Disburser Proxy,True,0x09c7bad99688a55a2e83644bfaed09e62bdcccba,0x9c3631dde5c8316be5b7554b0ccd2631c15a9a05,OP Receiver,"0,11",base,7947791,2023-12-16 00:02:09.000 UTC,0xd46bd800702d639b3ad20c1230d9c1c751d41ea7,0x01182233f05bb0dad6401b279883efa94372f6b10c8a6f108e63dbeb1e31786b,0xb87ea8d4,0x09c7bad99688a55a2e83644bfaed09e62bdcccba,1230758706231310000,1.2307587062313101,2024-10-01 02:35:13.068840
10.0,OP Mainnet,OPM L1 Standard Bridge,True,0x99c9fc46f92e8a1c0dec1b1747d010903e884be1,0xa3d596eafab6b13ab18d40fae1a962700c84adea,OP Receiver,"0,4,1,1,1,1",ethereum,18329508,2023-10-11 20:15:11.000 UTC,0xb2644085922cd777b7f31698a4a7c4e83cd1a8a8,0xaf0a42f5a9864ac88d84721bdc204ce54f4f51361f9d4433fa84ecb1beeb6d61,0x8c3152e9,0xbeb5fc579115071764c7423a4f12edde41f106ed,123687112595198800000,123.6871125951988,2024-10-01 02:35:13.068840
8453.0,Base,Base Fee Disburser Proxy,True,0x09c7bad99688a55a2e83644bfaed09e62bdcccba,0x9c3631dde5c8316be5b7554b0ccd2631c15a9a05,OP Receiver,"0,11",base,7126934,2023-11-27 00:00:15.000 UTC,0xd46bd800702d639b3ad20c1230d9c1c751d41ea7,0x460ec619625a7b2edec30a5aef20499050db8acbf0fab8607d8fc3df7f29b3ef,0xb87ea8d4,0x09c7bad99688a55a2e83644bfaed09e62bdcccba,1030558887297307800,1.0305588872973077,2024-10-01 02:35:13.068840
8453.0,Base,Base Fee Disburser Proxy,True,0x09c7bad99688a55a2e83644bfaed09e62bdcccba,0x9c3631dde5c8316be5b7554b0ccd2631c15a9a05,OP Receiver,"0,11",base,7904560,2023-12-15 00:01:07.000 UTC,0xd46bd800702d639b3ad20c1230d9c1c751d41ea7,0xb9224e6c37f2613c17a4c99bc7cbf094fd9ed3399ce09c3305c1d77eb48bcd95,0xb87ea8d4,0x09c7bad99688a55a2e83644bfaed09e62bdcccba,2399983636029618000,2.399983636029618,2024-10-01 02:35:13.068840
8453.0,Base,Base Fee Disburser Proxy,True,0x09c7bad99688a55a2e83644bfaed09e62bdcccba,0x9c3631dde5c8316be5b7554b0ccd2631c15a9a05,OP Receiver,"0,11",base,6998829,2023-11-24 00:50:05.000 UTC,0xd46bd800702d639b3ad20c1230d9c1c751d41ea7,0x1b8c2596e73a95c1042d59865db45c916ff12ae9741754c6807428d3c8619fa8,0xb87ea8d4,0x09c7bad99688a55a2e83644bfaed09e62bdcccba,843475885682734100,0.8434758856827341,2024-10-01 02:35:13.068840
8453.0,Base,Base Fee Disburser Proxy,True,0x09c7bad99688a55a2e83644bfaed09e62bdcccba,0x9c3631dde5c8316be5b7554b0ccd2631c15a9a05,OP Receiver,"0,11",base,11619733,2024-03-10 00:00:13.000 UTC,0xd46bd800702d639b3ad20c1230d9c1c751d41ea7,0x6a154ce3fbbf5c964e2c8c1c17f1f668daee9998d16ec49d30d9d24aa7d22d6a,0xb87ea8d4,0x09c7bad99688a55a2e83644bfaed09e62bdcccba,20443457793580696000,20.443457793580695,2024-10-01 02:35:13.068840
8453.0,Base,Base Fee Disburser Proxy,True,0x09c7bad99688a55a2e83644bfaed09e62bdcccba,0x9c3631dde5c8316be5b7554b0ccd2631c15a9a05,OP Receiver,"0,11",base,7430380,2023-12-04 00:35:07.000 UTC,0xd46bd800702d639b3ad20c1230d9c1c751d41ea7,0xbcd60762bf0e571aa889083343c4cd3a76aaf7815eeb11ceaf39868eb0f45199,0xb87ea8d4,0x09c7bad99688a55a2e83644bfaed09e62bdcccba,677024491533940000,0.67702449153394,2024-10-01 02:35:13.068840
8453.0,Base,Base Fee Disburser Proxy,True,0x09c7bad99688a55a2e83644bfaed09e62bdcccba,0x9c3631dde5c8316be5b7554b0ccd2631c15a9a05,OP Receiver,"0,11",base,14946129,2024-05-26 00:00:05.000 UTC,0xd46bd800702d639b3ad20c1230d9c1c751d41ea7,0x209d25b16a466245265a8c44bf4523dc961fa4ab36e24d3155c4a53dd0cecff3,0xb87ea8d4,0x09c7bad99688a55a2e83644bfaed09e62bdcccba,68514439731118080000,68.51443973111807,2024-10-01 02:35:13.068840
8453.0,Base,Base Fee Disburser Proxy,True,0x09c7bad99688a55a2e83644bfaed09e62bdcccba,0x9c3631dde5c8316be5b7554b0ccd2631c15a9a05,OP Receiver,"0,11",base,6912131,2023-11-22 00:40:09.000 UTC,0xd46bd800702d639b3ad20c1230d9c1c751d41ea7,0x3a3574e0c016687f24dbdf32396d47fdd77318cd91f9f33d8ba92e6738674bf0,0xb87ea8d4,0x09c7bad99688a55a2e83644bfaed09e62bdcccba,879644337202127100,0.8796443372021271,2024-10-01 02:35:13.068840
8453.0,Base,Base Fee Disburser Proxy,True,0x09c7bad99688a55a2e83644bfaed09e62bdcccba,0x9c3631dde5c8316be5b7554b0ccd2631c15a9a05,OP Receiver,"0,12",base,13736529,2024-04-28 00:00:05.000 UTC,0xd46bd800702d639b3ad20c1230d9c1c751d41ea7,0x05aa6fc2e07a40a5f074a60b59a3789d078ac24a54f979c0a40351bce550a2b5,0xb87ea8d4,0x09c7bad99688a55a2e83644bfaed09e62bdcccba,112061481012740720000,112.06148101274071,2024-10-01 02:35:13.068840
8453.0,Base,Base Fee Disburser Proxy,True,0x09c7bad99688a55a2e83644bfaed09e62bdcccba,0x9c3631dde5c8316be5b7554b0ccd2631c15a9a05,OP Receiver,"0,11",base,6393907,2023-11-10 00:46:01.000 UTC,0xd46bd800702d639b3ad20c1230d9c1c751d41ea7,0xf0d09e9fe800246717583d37f7f06ff55bef77c9951a22b425222c3e0031a6c9,0xb87ea8d4,0x09c7bad99688a55a2e83644bfaed09e62bdcccba,1032080786332927000,1.0320807863329269,2024-10-01 02:35:13.068840
,,Other,True,0x32b283baa8d76a06a37c5470d72bc054b0812d80,0x9c3631dde5c8316be5b7554b0ccd2631c15a9a05,OP Receiver,,base,13548483,2024-04-23 15:31:53.000 UTC,0x32b283baa8d76a06a37c5470d72bc054b0812d80,0xe5e9579fc5a1ad765a2ebc7d87175c745bc23987036a557f70cd22c7b0216d3a,0x,0x9c3631dde5c8316be5b7554b0ccd2631c15a9a05,4206900000,4.2069e-09,2024-10-01 02:35:13.068840
10.0,OP Mainnet,OPM L1 Standard Bridge,True,0x99c9fc46f92e8a1c0dec1b1747d010903e884be1,0xa3d596eafab6b13ab18d40fae1a962700c84adea,OP Receiver,"0,6,1,2,1,2",ethereum,20845692,2024-09-28 00:57:23.000 UTC,0xb2644085922cd777b7f31698a4a7c4e83cd1a8a8,0x3854cfba40c2ebb8698d24fe010cfe981f5c5a93c5a04e98348ab0a3daaa86f9,0x8c3152e9,0xbeb5fc579115071764c7423a4f12edde41f106ed,137612417396727510000,137.61241739672752,2024-10-01 02:35:13.068840
8453.0,Base,Base Fee Disburser Proxy,True,0x09c7bad99688a55a2e83644bfaed09e62bdcccba,0x9c3631dde5c8316be5b7554b0ccd2631c15a9a05,OP Receiver,"0,11",base,15853329,2024-06-16 00:00:05.000 UTC,0xd46bd800702d639b3ad20c1230d9c1c751d41ea7,0x71649595d760ecc9eb1d087ba0d89a72ac700d8f92583bf759099a36265088af,0xb87ea8d4,0x09c7bad99688a55a2e83644bfaed09e62bdcccba,45537794018356950000,45.537794018356955,2024-10-01 02:35:13.068840
8453.0,Base,Base Fee Disburser Proxy,True,0x09c7bad99688a55a2e83644bfaed09e62bdcccba,0x9c3631dde5c8316be5b7554b0ccd2631c15a9a05,OP Receiver,"0,11",base,10712529,2024-02-18 00:00:05.000 UTC,0xd46bd800702d639b3ad20c1230d9c1c751d41ea7,0x429ec6786bc51f339dd14e285ac2f7fd67f07bd224caef1c2a3dfdbd0f690c0d,0xb87ea8d4,0x09c7bad99688a55a2e83644bfaed09e62bdcccba,8925388575341016000,8.925388575341016,2024-10-01 02:35:13.068840
8453.0,Base,Base Fee Disburser Proxy,True,0x09c7bad99688a55a2e83644bfaed09e62bdcccba,0x9c3631dde5c8316be5b7554b0ccd2631c15a9a05,OP Receiver,"0,11",base,6825436,2023-11-20 00:30:19.000 UTC,0xd46bd800702d639b3ad20c1230d9c1c751d41ea7,0x1150b187613917a46acfcc530ab22b383a4099f68bc0cccaef147962e2771687,0xb87ea8d4,0x09c7bad99688a55a2e83644bfaed09e62bdcccba,1109580788712304400,1.1095807887123044,2024-10-01 02:35:13.068840
8453.0,Base,Base Fee Disburser Proxy,True,0x09c7bad99688a55a2e83644bfaed09e62bdcccba,0x9c3631dde5c8316be5b7554b0ccd2631c15a9a05,OP Receiver,"0,10",base,18877335,2024-08-25 00:00:17.000 UTC,0xd46bd800702d639b3ad20c1230d9c1c751d41ea7,0xc11cd071dab6983074319979c43c5cc9da0173d60c34f4b6394ee84012d0315c,0xb87ea8d4,0x09c7bad99688a55a2e83644bfaed09e62bdcccba,2682087501359327000,2.682087501359327,2024-10-01 02:35:13.068840
10.0,OP Mainnet,OPM L1 Standard Bridge,True,0x99c9fc46f92e8a1c0dec1b1747d010903e884be1,0xa3d596eafab6b13ab18d40fae1a962700c84adea,OP Receiver,"0,6,1,2,1,2",ethereum,20845720,2024-09-28 01:02:59.000 UTC,0xb2644085922cd777b7f31698a4a7c4e83cd1a8a8,0xf6eee84f342f1ea63582acacfdee9363c2c10a1e7fa8d509080b164429710efd,0x8c3152e9,0xbeb5fc579115071764c7423a4f12edde41f106ed,15901317042879162000,15.901317042879162,2024-10-01 02:35:13.068840
8453.0,Base,Base Fee Disburser Proxy,True,0x09c7bad99688a55a2e83644bfaed09e62bdcccba,0x9c3631dde5c8316be5b7554b0ccd2631c15a9a05,OP Receiver,"0,11",base,10107733,2024-02-04 00:00:13.000 UTC,0xd46bd800702d639b3ad20c1230d9c1c751d41ea7,0x335093a66a51cbb75184e1bf32551c86ac0bba76c3ccbf98c75d9fd7b22b8e93,0xb87ea8d4,0x09c7bad99688a55a2e83644bfaed09e62bdcccba,4951759975794665000,4.9517599757946655,2024-10-01 02:35:13.068840
10.0,OP Mainnet,OPM L1 Standard Bridge,True,0x99c9fc46f92e8a1c0dec1b1747d010903e884be1,0xa3d596eafab6b13ab18d40fae1a962700c84adea,OP Receiver,"0,4,1,1,1,1",ethereum,18473122,2023-10-31 22:35:35.000 UTC,0xb2644085922cd777b7f31698a4a7c4e83cd1a8a8,0xae4803c5ffb83abf08f4826a559a92ef631bbe46a3afb30675f5e4f6913e8834,0x8c3152e9,0xbeb5fc579115071764c7423a4f12edde41f106ed,179930247926180540000,179.93024792618056,2024-10-01 02:35:13.068840
10.0,OP Mainnet,OPM L1 Standard Bridge,True,0x99c9fc46f92e8a1c0dec1b1747d010903e884be1,0xa3d596eafab6b13ab18d40fae1a962700c84adea,OP Receiver,"0,4,1,1,1,1",ethereum,18688225,2023-12-01 01:15:47.000 UTC,0xb2644085922cd777b7f31698a4a7c4e83cd1a8a8,0x5784d6c89d22ecdad0320da0552b419a721a6e62a72b055d5a314a4ae1508036,0x8c3152e9,0xbeb5fc579115071764c7423a4f12edde41f106ed,92337991426392100000,92.3379914263921,2024-10-01 02:35:13.068840
8453.0,Base,Base Fee Disburser Proxy,True,0x09c7bad99688a55a2e83644bfaed09e62bdcccba,0x9c3631dde5c8316be5b7554b0ccd2631c15a9a05,OP Receiver,"0,11",base,12224534,2024-03-24 00:00:15.000 UTC,0xd46bd800702d639b3ad20c1230d9c1c751d41ea7,0x705bba5fea1c51e3c52d46cba8cf629d75aba9af0e48eebd96dacfd78942adb4,0xb87ea8d4,0x09c7bad99688a55a2e83644bfaed09e62bdcccba,163854412986121680000,163.85441298612167,2024-10-01 02:35:13.068840
8453.0,Base,Base Fee Disburser Proxy,True,0x09c7bad99688a55a2e83644bfaed09e62bdcccba,0x9c3631dde5c8316be5b7554b0ccd2631c15a9a05,OP Receiver,"0,11",base,7690178,2023-12-10 00:55:03.000 UTC,0xd46bd800702d639b3ad20c1230d9c1c751d41ea7,0xa780c21d31d04c5b2c48ce808e7eeac6bcac9bfcbc76629bf83df85a7a45a193,0xb87ea8d4,0x09c7bad99688a55a2e83644bfaed09e62bdcccba,894036197780842500,0.8940361977808425,2024-10-01 02:35:13.068840
8453.0,Base,Base Fee Disburser Proxy,True,0x09c7bad99688a55a2e83644bfaed09e62bdcccba,0x9c3631dde5c8316be5b7554b0ccd2631c15a9a05,OP Receiver,"0,12",base,20389337,2024-09-29 00:00:21.000 UTC,0xd46bd800702d639b3ad20c1230d9c1c751d41ea7,0x1f6b5388db9226b4f1ce0d264352d50ae4ee54f016084729b2cb478371fe9661,0xb87ea8d4,0x09c7bad99688a55a2e83644bfaed09e62bdcccba,29556087660323490000,29.55608766032349,2024-10-01 02:35:13.068840
10.0,OP Mainnet,OPM L1 Standard Bridge,True,0x99c9fc46f92e8a1c0dec1b1747d010903e884be1,0xa3d596eafab6b13ab18d40fae1a962700c84adea,OP Receiver,"0,4,1,1,1,1",ethereum,18896028,2023-12-30 04:40:11.000 UTC,0xb2644085922cd777b7f31698a4a7c4e83cd1a8a8,0xe6953fa6f9b3d467c17d8e4bab2f88955751ef697fdc5c14cb93eed39acece5d,0x8c3152e9,0xbeb5fc579115071764c7423a4f12edde41f106ed,1.1973994986031048e+21,1197.3994986031048,2024-10-01 02:35:13.068840
8453.0,Base,Base Fee Disburser Proxy,True,0x09c7bad99688a55a2e83644bfaed09e62bdcccba,0x9c3631dde5c8316be5b7554b0ccd2631c15a9a05,OP Receiver,"0,10",base,16505258,2024-07-01 02:11:03.000 UTC,0x25d457c788a9fa924dd9b285f1a614b3ba16092c,0xe9ba78bda49e0ee233e315486c5b131b948f7eb602227c96c7f7685ce9ebac00,0xb87ea8d4,0x09c7bad99688a55a2e83644bfaed09e62bdcccba,2843364422821640000,2.84336442282164,2024-10-01 02:35:13.068840
10.0,OP Mainnet,OPM L1 Standard Bridge,True,0x99c9fc46f92e8a1c0dec1b1747d010903e884be1,0xa3d596eafab6b13ab18d40fae1a962700c84adea,OP Receiver,"0,6,1,2,1,2",ethereum,20845615,2024-09-28 00:41:59.000 UTC,0xb2644085922cd777b7f31698a4a7c4e83cd1a8a8,0x2da7869347a73a9d9a4a0c17c5a04c437b7139cfbb741a458bb789344932210b,0x8c3152e9,0xbeb5fc579115071764c7423a4f12edde41f106ed,41466204796289245000,41.46620479628925,2024-10-01 02:35:13.068840
8453.0,Base,Base Fee Disburser Proxy,True,0x09c7bad99688a55a2e83644bfaed09e62bdcccba,0x9c3631dde5c8316be5b7554b0ccd2631c15a9a05,OP Receiver,"0,11",base,6047678,2023-11-02 00:25:03.000 UTC,0xd46bd800702d639b3ad20c1230d9c1c751d41ea7,0xbafbdc78f9d04c97369e40b1b78ecf725bc66496c695e7ddd68531af28d8a987,0xb87ea8d4,0x09c7bad99688a55a2e83644bfaed09e62bdcccba,1571178376557467100,1.5711783765574672,2024-10-01 02:35:13.068840
10.0,OP Mainnet,OPM L1 Standard Bridge,True,0x99c9fc46f92e8a1c0dec1b1747d010903e884be1,0xa3d596eafab6b13ab18d40fae1a962700c84adea,OP Receiver,"0,6,1,2,1,2",ethereum,20845702,2024-09-28 00:59:23.000 UTC,0xb2644085922cd777b7f31698a4a7c4e83cd1a8a8,0xe5051bee87edc7e161cd22ca51a0aa3dd194b948152b5a24dc90b0d29377732a,0x8c3152e9,0xbeb5fc579115071764c7423a4f12edde41f106ed,51399906238778440000,51.39990623877844,2024-10-01 02:35:13.068840
8453.0,Base,Base Fee Disburser Proxy,True,0x09c7bad99688a55a2e83644bfaed09e62bdcccba,0x9c3631dde5c8316be5b7554b0ccd2631c15a9a05,OP Receiver,"0,11",base,5960980,2023-10-31 00:15:07.000 UTC,0xd46bd800702d639b3ad20c1230d9c1c751d41ea7,0x85fa7c23714768ecb1241e0dab5619cfb8e591116ff12a94d143a594cf697810,0xb87ea8d4,0x09c7bad99688a55a2e83644bfaed09e62bdcccba,907805380486984300,0.9078053804869843,2024-10-01 02:35:13.068840
10.0,OP Mainnet,OPM L1 Standard Bridge,True,0x99c9fc46f92e8a1c0dec1b1747d010903e884be1,0xa3d596eafab6b13ab18d40fae1a962700c84adea,OP Receiver,"0,4,1,1,1,1",ethereum,18473122,2023-10-31 22:35:35.000 UTC,0xb2644085922cd777b7f31698a4a7c4e83cd1a8a8,0x979f02ba0562e5ee16048199577f32be6d5c1aca7d8af58fb90e03c5ea6c5c86,0x8c3152e9,0xbeb5fc579115071764c7423a4f12edde41f106ed,252866284743942050000,252.86628474394203,2024-10-01 02:35:13.068840
10.0,OP Mainnet,OPM L1 Standard Bridge,True,0x99c9fc46f92e8a1c0dec1b1747d010903e884be1,0xa3d596eafab6b13ab18d40fae1a962700c84adea,OP Receiver,"0,6,1,2,1,2",ethereum,20845651,2024-09-28 00:49:11.000 UTC,0xb2644085922cd777b7f31698a4a7c4e83cd1a8a8,0xca23bf6425b761aaee4f44d6ac84e2c3e8cd27e6c45bf4a11c907fb9204bba0b,0x8c3152e9,0xbeb5fc579115071764c7423a4f12edde41f106ed,990651375102167900000,990.6513751021679,2024-10-01 02:35:13.068840
8453.0,Base,Base Fee Disburser Proxy,True,0x09c7bad99688a55a2e83644bfaed09e62bdcccba,0x9c3631dde5c8316be5b7554b0ccd2631c15a9a05,OP Receiver,"0,11",base,6608679,2023-11-15 00:05:05.000 UTC,0xd46bd800702d639b3ad20c1230d9c1c751d41ea7,0x6d1fb864263a14095ebd1cbd4893dc7863b3e1373c5aff64ebb3ce50a40b078c,0xb87ea8d4,0x09c7bad99688a55a2e83644bfaed09e62bdcccba,651904957964920200,0.6519049579649202,2024-10-01 02:35:13.068840
8453.0,Base,Base Fee Disburser Proxy,True,0x09c7bad99688a55a2e83644bfaed09e62bdcccba,0x9c3631dde5c8316be5b7554b0ccd2631c15a9a05,OP Receiver,"0,11",base,7861358,2023-12-14 00:01:03.000 UTC,0xd46bd800702d639b3ad20c1230d9c1c751d41ea7,0xd15acd5d8dfa08dbbf0cd23f40ab7f0bdf61e377b4ab2712255e04d2f15d0f59,0xb87ea8d4,0x09c7bad99688a55a2e83644bfaed09e62bdcccba,1027317248973001700,1.0273172489730018,2024-10-01 02:35:13.068840
,RaaS - Conduit,Conduit Disburser 1,True,0x13f37e6b638ca83e7090bb3722b3ae04bf884019,0xa3d596eafab6b13ab18d40fae1a962700c84adea,OP Receiver,"0,0,1",ethereum,19811872,2024-05-06 15:15:35.000 UTC,0xefcf0c8fafb425997870f845e26fc6ca6ee6dd5c,0x375bf93f9753971cf062655f98c46bebed6306be876d59febeb900d7b1a8bf9c,0x6a761202,0x13f37e6b638ca83e7090bb3722b3ae04bf884019,1002000000000000000,1.002,2024-10-01 02:35:13.068840
8453.0,Base,Base Fee Disburser Proxy,True,0x09c7bad99688a55a2e83644bfaed09e62bdcccba,0x9c3631dde5c8316be5b7554b0ccd2631c15a9a05,OP Receiver,"0,11",base,7517079,2023-12-06 00:45:05.000 UTC,0xd46bd800702d639b3ad20c1230d9c1c751d41ea7,0x4fbcb23222e3e4478b0c921941540a0fa085b30d14a928649337785c864f3048,0xb87ea8d4,0x09c7bad99688a55a2e83644bfaed09e62bdcccba,1203475709648222000,1.203475709648222,2024-10-01 02:35:13.068840
10.0,OP Mainnet,OPM L1 Standard Bridge,True,0x99c9fc46f92e8a1c0dec1b1747d010903e884be1,0xa3d596eafab6b13ab18d40fae1a962700c84adea,OP Receiver,"0,6,1,2,1,2",ethereum,20845700,2024-09-28 00:58:59.000 UTC,0xb2644085922cd777b7f31698a4a7c4e83cd1a8a8,0x3894038e6fb17489a18482b1f3feee0b641a59833083309227365685c5baba6d,0x8c3152e9,0xbeb5fc579115071764c7423a4f12edde41f106ed,52889205508260390000,52.88920550826039,2024-10-01 02:35:13.068840
10.0,OP Mainnet,OPM L1 Standard Bridge,True,0x99c9fc46f92e8a1c0dec1b1747d010903e884be1,0xa3d596eafab6b13ab18d40fae1a962700c84adea,OP Receiver,"0,5,1,2,1,2",ethereum,19366978,2024-03-05 05:48:59.000 UTC,0xb2644085922cd777b7f31698a4a7c4e83cd1a8a8,0xd7c367a5450c7b1b26ff96d1e3ff0de4231ff8d2026c041bd28dadb619a7f57d,0x8c3152e9,0xbeb5fc579115071764c7423a4f12edde41f106ed,96903383502250660000,96.90338350225066,2024-10-01 02:35:13.068840
,RaaS - Conduit,Conduit Disburser 1,True,0x13f37e6b638ca83e7090bb3722b3ae04bf884019,0xa3d596eafab6b13ab18d40fae1a962700c84adea,OP Receiver,"0,0,1",ethereum,19023312,2024-01-17 01:25:11.000 UTC,0xefcf0c8fafb425997870f845e26fc6ca6ee6dd5c,0x62464b208d2c975cb060881e015b2883a1af2e1bb185d0e89e2833d6ffa6f1a3,0x6a761202,0x13f37e6b638ca83e7090bb3722b3ae04bf884019,2991000000000000000,2.991,2024-10-01 02:35:13.068840
8453.0,Base,Base Fee Disburser Proxy,True,0x09c7bad99688a55a2e83644bfaed09e62bdcccba,0x9c3631dde5c8316be5b7554b0ccd2631c15a9a05,OP Receiver,"0,12",base,20086930,2024-09-22 00:00:07.000 UTC,0xd46bd800702d639b3ad20c1230d9c1c751d41ea7,0x705d2641304bf5c8e9b4bb07debc8a190d332635ce6f931f007e292213c915d8,0xb87ea8d4,0x09c7bad99688a55a2e83644bfaed09e62bdcccba,23000309084476270000,23.000309084476267,2024-10-01 02:35:13.068840
8453.0,Base,Base Fee Disburser Proxy,True,0x09c7bad99688a55a2e83644bfaed09e62bdcccba,0x9c3631dde5c8316be5b7554b0ccd2631c15a9a05,OP Receiver,"0,11",base,19835839,2024-09-16 04:30:25.000 UTC,0x98faafab43c690fcd8a76e5605010aab891cedca,0x3facddc5ec521e85b5e52668997574a382b0ba7a41240b4416eabbb8ff95bd82,0xb87ea8d4,0x09c7bad99688a55a2e83644bfaed09e62bdcccba,3709412784762562600,3.7094127847625624,2024-10-01 02:35:13.068840
8453.0,Base,Base Fee Disburser Proxy,True,0x09c7bad99688a55a2e83644bfaed09e62bdcccba,0x9c3631dde5c8316be5b7554b0ccd2631c15a9a05,OP Receiver,"0,11",base,9502933,2024-01-21 00:00:13.000 UTC,0xd46bd800702d639b3ad20c1230d9c1c751d41ea7,0x86497a9962821c695fd89d16f2d2988a479aaac7c33c09ed32aa62083559b0ef,0xb87ea8d4,0x09c7bad99688a55a2e83644bfaed09e62bdcccba,5320797265276489000,5.3207972652764886,2024-10-01 02:35:13.068840
8453.0,Base,Base Fee Disburser Proxy,True,0x09c7bad99688a55a2e83644bfaed09e62bdcccba,0x9c3631dde5c8316be5b7554b0ccd2631c15a9a05,OP Receiver,"0,11",base,6090881,2023-11-03 00:25:09.000 UTC,0xd46bd800702d639b3ad20c1230d9c1c751d41ea7,0x6250e706544e1d6c193c557fe529599872228665cf3dad0012f57db259069b20,0xb87ea8d4,0x09c7bad99688a55a2e83644bfaed09e62bdcccba,1110925893313825400,1.1109258933138255,2024-10-01 02:35:13.068840
8453.0,Base,Base Fee Disburser Proxy,True,0x09c7bad99688a55a2e83644bfaed09e62bdcccba,0x9c3631dde5c8316be5b7554b0ccd2631c15a9a05,OP Receiver,"0,10",base,18522307,2024-08-16 18:46:01.000 UTC,0xd94969caaad8642e01c174006b86259b0f752e55,0x00b61a4c7b9b63ea06f0a56efb0630e5b674771de6c8ed5cb8747a89a73827c8,0xb87ea8d4,0x09c7bad99688a55a2e83644bfaed09e62bdcccba,15617764361734824000,15.617764361734825,2024-10-01 02:35:13.068840
10.0,OP Mainnet,OPM L1 Standard Bridge,True,0x99c9fc46f92e8a1c0dec1b1747d010903e884be1,0xa3d596eafab6b13ab18d40fae1a962700c84adea,OP Receiver,"0,6,1,2,1,2",ethereum,20845373,2024-09-27 23:53:35.000 UTC,0xb2644085922cd777b7f31698a4a7c4e83cd1a8a8,0x33e6af020766c7f6419b7f31a6b92910aa84c4dccf94fee54512510858b3152a,0x8c3152e9,0xbeb5fc579115071764c7423a4f12edde41f106ed,14822799904768946000,14.822799904768946,2024-10-01 02:35:13.068840
8453.0,Base,Base Fee Disburser Proxy,True,0x09c7bad99688a55a2e83644bfaed09e62bdcccba,0x9c3631dde5c8316be5b7554b0ccd2631c15a9a05,OP Receiver,"0,11",base,6350679,2023-11-09 00:45:05.000 UTC,0xd46bd800702d639b3ad20c1230d9c1c751d41ea7,0x2bf41d815bbb21303507a37e1545171d0696ce71f4aec806cb7369098fd19a9d,0xb87ea8d4,0x09c7bad99688a55a2e83644bfaed09e62bdcccba,762495158634459900,0.7624951586344599,2024-10-01 02:35:13.068840
10.0,OP Mainnet,OPM L1 Standard Bridge,True,0x99c9fc46f92e8a1c0dec1b1747d010903e884be1,0xa3d596eafab6b13ab18d40fae1a962700c84adea,OP Receiver,"0,6,1,2,1,2",ethereum,20845373,2024-09-27 23:53:35.000 UTC,0xb2644085922cd777b7f31698a4a7c4e83cd1a8a8,0x8c595675f854c09042621db7a3a66fda8c3bb4fce036834b187149e143c23150,0x8c3152e9,0xbeb5fc579115071764c7423a4f12edde41f106ed,11760416790778866000,11.760416790778866,2024-10-01 02:35:13.068840
10.0,OP Mainnet,OPM L1 Standard Bridge,True,0x99c9fc46f92e8a1c0dec1b1747d010903e884be1,0xa3d596eafab6b13ab18d40fae1a962700c84adea,OP Receiver,"0,4,1,1,1,1",ethereum,18329508,2023-10-11 20:15:11.000 UTC,0xb2644085922cd777b7f31698a4a7c4e83cd1a8a8,0xe222703f80b290e35e4879891d9f0dd1a26719069651a0e146c9d21a1c79dc7d,0x8c3152e9,0xbeb5fc579115071764c7423a4f12edde41f106ed,155390401121447670000,155.39040112144767,2024-10-01 02:35:13.068840
8453.0,Base,Base Fee Disburser Proxy,True,0x09c7bad99688a55a2e83644bfaed09e62bdcccba,0x9c3631dde5c8316be5b7554b0ccd2631c15a9a05,OP Receiver,"0,12",base,14643729,2024-05-19 00:00:05.000 UTC,0xd46bd800702d639b3ad20c1230d9c1c751d41ea7,0x6154ec8230f760b15e87e1931b8f73ed1cdc31f631d39024c5b783521f33ebd8,0xb87ea8d4,0x09c7bad99688a55a2e83644bfaed09e62bdcccba,27214747686129005000,27.214747686129005,2024-10-01 02:35:13.068840
34443.0,Mode,Mode Disburser,True,0xed4811010a86f7c39134fbc20206d906ad1176b6,0xa3d596eafab6b13ab18d40fae1a962700c84adea,OP Receiver,"0,0,1",ethereum,20629315,2024-08-28 19:55:59.000 UTC,0xefcf0c8fafb425997870f845e26fc6ca6ee6dd5c,0xb064c3c182fc9bbf10c3b9eec8c465810dedf2e07b176349f20c339cca16a4b6,0x6a761202,0xed4811010a86f7c39134fbc20206d906ad1176b6,4125000000000000000,4.125,2024-10-01 02:35:13.068840
34443.0,Mode,Mode Disburser,True,0xed4811010a86f7c39134fbc20206d906ad1176b6,0xa3d596eafab6b13ab18d40fae1a962700c84adea,OP Receiver,"0,0,1",ethereum,20629341,2024-08-28 20:01:35.000 UTC,0xefcf0c8fafb425997870f845e26fc6ca6ee6dd5c,0xb27cecc28d81a29f6c52bd972511f960f45b528d2a6942ee600a65639ac395ac,0x6a761202,0xed4811010a86f7c39134fbc20206d906ad1176b6,2175000000000000000,2.175,2024-10-01 02:35:13.068840
8453.0,Base,Base Fee Disburser Proxy,True,0x09c7bad99688a55a2e83644bfaed09e62bdcccba,0x9c3631dde5c8316be5b7554b0ccd2631c15a9a05,OP Receiver,"0,11",base,17667729,2024-07-28 00:00:05.000 UTC,0xd46bd800702d639b3ad20c1230d9c1c751d41ea7,0xf6c9a3f9fba7114600ebdad28dd89dc3b2900c36f7cffc652de73f646a15665b,0xb87ea8d4,0x09c7bad99688a55a2e83644bfaed09e62bdcccba,39647506465138600000,39.6475064651386,2024-10-01 02:35:13.068840
,RaaS - Conduit,Conduit Disburser 1,True,0x13f37e6b638ca83e7090bb3722b3ae04bf884019,0xa3d596eafab6b13ab18d40fae1a962700c84adea,OP Receiver,"0,0,0",ethereum,19484535,2024-03-21 17:32:23.000 UTC,0xefcf0c8fafb425997870f845e26fc6ca6ee6dd5c,0x8d4962244fb7d314aaaa2a2bb8d07096b5fbbcf17f76dc4f7fc250521cd1998e,0x6a761202,0x13f37e6b638ca83e7090bb3722b3ae04bf884019,3417000000000000000,3.417,2024-10-01 02:35:13.068840
10.0,OP Mainnet,OPM L1 Standard Bridge,True,0x99c9fc46f92e8a1c0dec1b1747d010903e884be1,0xa3d596eafab6b13ab18d40fae1a962700c84adea,OP Receiver,"0,4,1,1,1,1",ethereum,18688225,2023-12-01 01:15:47.000 UTC,0xb2644085922cd777b7f31698a4a7c4e83cd1a8a8,0x738cdb02530dcf4b9edc95cdec0c3a541d03fe1e9f24bd3757be7acd9ea79b89,0x8c3152e9,0xbeb5fc579115071764c7423a4f12edde41f106ed,300959988492607600000,300.95998849260764,2024-10-01 02:35:13.068840
7777777.0,Zora,Zora Disburser,True,0xe900b3edc1ba0430cfa9a204a1027b90825ac951,0xa3d596eafab6b13ab18d40fae1a962700c84adea,OP Receiver,"0,0,0",ethereum,19412791,2024-03-11 15:37:11.000 UTC,0xefcf0c8fafb425997870f845e26fc6ca6ee6dd5c,0xa79d9576932eb2b5fd70b00c161c1e9dbfb61cdbf32c63cef70b0b0927e6e88b,0x6a761202,0xe900b3edc1ba0430cfa9a204a1027b90825ac951,11771850000000000000,11.77185,2024-10-01 02:35:13.068840
10.0,OP Mainnet,OPM L1 Standard Bridge,True,0x99c9fc46f92e8a1c0dec1b1747d010903e884be1,0xa3d596eafab6b13ab18d40fae1a962700c84adea,OP Receiver,"0,6,1,2,1,2",ethereum,20845360,2024-09-27 23:50:59.000 UTC,0xb2644085922cd777b7f31698a4a7c4e83cd1a8a8,0xde30cbb00afea303d2056d2c98edb208be9aed6c4acae5d8fe625bd595df039c,0x8c3152e9,0xbeb5fc579115071764c7423a4f12edde41f106ed,10215719831679062000,10.215719831679062,2024-10-01 02:35:13.068840
8453.0,Base,Base Fee Disburser Proxy,True,0x09c7bad99688a55a2e83644bfaed09e62bdcccba,0x9c3631dde5c8316be5b7554b0ccd2631c15a9a05,OP Receiver,"0,11",base,7213629,2023-11-29 00:10:05.000 UTC,0xd46bd800702d639b3ad20c1230d9c1c751d41ea7,0x3f626c84eaddd6e152eb381b58aaf68a36bce576d8834e6783ccedd7abda4773,0xb87ea8d4,0x09c7bad99688a55a2e83644bfaed09e62bdcccba,671232921817762800,0.6712329218177628,2024-10-01 02:35:13.068840
8453.0,Base,Base Fee Disburser Proxy,True,0x09c7bad99688a55a2e83644bfaed09e62bdcccba,0x9c3631dde5c8316be5b7554b0ccd2631c15a9a05,OP Receiver,"0,11",base,16458133,2024-06-30 00:00:13.000 UTC,0xd46bd800702d639b3ad20c1230d9c1c751d41ea7,0xcc69f07e398c9c7709eddfa68f3f15b3632e5baf0b977bfb2806dd8903ed4c52,0xb87ea8d4,0x09c7bad99688a55a2e83644bfaed09e62bdcccba,32773884329395413000,32.773884329395415,2024-10-01 02:35:13.068840
8453.0,Base,Base Fee Disburser Proxy,True,0x09c7bad99688a55a2e83644bfaed09e62bdcccba,0x9c3631dde5c8316be5b7554b0ccd2631c15a9a05,OP Receiver,"0,11",base,12829332,2024-04-07 00:00:11.000 UTC,0xd46bd800702d639b3ad20c1230d9c1c751d41ea7,0x6259ac2397e20b5672ca33c228cd23c426e318c874844faa81333989d7d65558,0xb87ea8d4,0x09c7bad99688a55a2e83644bfaed09e62bdcccba,61866752180337040000,61.866752180337045,2024-10-01 02:35:13.068840
8453.0,Base,Base Fee Disburser Proxy,True,0x09c7bad99688a55a2e83644bfaed09e62bdcccba,0x9c3631dde5c8316be5b7554b0ccd2631c15a9a05,OP Receiver,"0,11",base,7343678,2023-12-02 00:25:03.000 UTC,0xd46bd800702d639b3ad20c1230d9c1c751d41ea7,0x1ed4194bc96a30aa4ac2a80db1d59c58ede02ffbd10628a2a26782b586b08580,0xb87ea8d4,0x09c7bad99688a55a2e83644bfaed09e62bdcccba,752049179471003300,0.7520491794710032,2024-10-01 02:35:13.068840
,RaaS - Conduit,Conduit Disburser 3,True,0x4a4962275df8c60a80d3a25faec5aa7de116a746,0xa3d596eafab6b13ab18d40fae1a962700c84adea,OP Receiver,"0,0,0",ethereum,20420568,2024-07-30 16:29:59.000 UTC,0xefcf0c8fafb425997870f845e26fc6ca6ee6dd5c,0xad5979a2c1d9f10e504a6d5f0aa9a1d788e675168e39f6df8652c52d26b48a67,0x6a761202,0x4a4962275df8c60a80d3a25faec5aa7de116a746,694500000000000000,0.6945,2024-10-01 02:35:13.068840
10.0,OP Mainnet,OPM L1 Standard Bridge,True,0x99c9fc46f92e8a1c0dec1b1747d010903e884be1,0xa3d596eafab6b13ab18d40fae1a962700c84adea,OP Receiver,"0,6,1,2,1,2",ethereum,20845675,2024-09-28 00:53:59.000 UTC,0xb2644085922cd777b7f31698a4a7c4e83cd1a8a8,0x09448871bd557647b94d54577a928a3280bbe2821fdea5503512d7c6fc3ed2c3,0x8c3152e9,0xbeb5fc579115071764c7423a4f12edde41f106ed,703996129617793300000,703.9961296177933,2024-10-01 02:35:13.068840
8453.0,Base,Base Fee Disburser Proxy,True,0x09c7bad99688a55a2e83644bfaed09e62bdcccba,0x9c3631dde5c8316be5b7554b0ccd2631c15a9a05,OP Receiver,"0,11",base,8898133,2024-01-07 00:00:13.000 UTC,0xd46bd800702d639b3ad20c1230d9c1c751d41ea7,0x600b6f7cfda35b9e0731702e60f594b3114c10cb070f924ad4711d1b89d46aa2,0xb87ea8d4,0x09c7bad99688a55a2e83644bfaed09e62bdcccba,4828631283094457000,4.828631283094458,2024-10-01 02:35:13.068840
10.0,OP Mainnet,OPM L1 Standard Bridge,True,0x99c9fc46f92e8a1c0dec1b1747d010903e884be1,0xa3d596eafab6b13ab18d40fae1a962700c84adea,OP Receiver,"0,6,1,2,1,2",ethereum,20845356,2024-09-27 23:50:11.000 UTC,0xb2644085922cd777b7f31698a4a7c4e83cd1a8a8,0x9e21cd59aa511423e2bf6511d7235d10151ad7a5d3aa1cd9df1d5261bd78b6cc,0x8c3152e9,0xbeb5fc579115071764c7423a4f12edde41f106ed,21596143584011403000,21.596143584011404,2024-10-01 02:35:13.068840
8453.0,Base,Base Fee Disburser Proxy,True,0x09c7bad99688a55a2e83644bfaed09e62bdcccba,0x9c3631dde5c8316be5b7554b0ccd2631c15a9a05,OP Receiver,"0,11",base,14288692,2024-05-10 18:45:31.000 UTC,0x8590d0dc597d7c8174cbe9d0f18f33e9274dd040,0x2c14b4201f527ddc463788151c2bdd71933f11d168fa410ef51c48a55398b717,0xb87ea8d4,0x09c7bad99688a55a2e83644bfaed09e62bdcccba,80385828794312440000,80.38582879431245,2024-10-01 02:35:13.068840
8453.0,Base,Base Fee Disburser Proxy,True,0x09c7bad99688a55a2e83644bfaed09e62bdcccba,0x9c3631dde5c8316be5b7554b0ccd2631c15a9a05,OP Receiver,"0,11",base,14341331,2024-05-12 00:00:09.000 UTC,0xd46bd800702d639b3ad20c1230d9c1c751d41ea7,0x752d9242f11b5a161841ccf620d1eb77015e72d67e3785b30f125b3c88c5c05c,0xb87ea8d4,0x09c7bad99688a55a2e83644bfaed09e62bdcccba,9591281537164874000,9.591281537164873,2024-10-01 02:35:13.068840
8453.0,Base,Base Fee Disburser Proxy,True,0x09c7bad99688a55a2e83644bfaed09e62bdcccba,0x9c3631dde5c8316be5b7554b0ccd2631c15a9a05,OP Receiver,"0,11",base,6220654,2023-11-06 00:30:55.000 UTC,0xd46bd800702d639b3ad20c1230d9c1c751d41ea7,0x7ec64ef2bf4dc4ba5eea4f13b41487764a4da8249c70493377f9330068488c6b,0xb87ea8d4,0x09c7bad99688a55a2e83644bfaed09e62bdcccba,697107947127052400,0.6971079471270524,2024-10-01 02:35:13.068840
10.0,OP Mainnet,OPM L1 Standard Bridge,True,0x99c9fc46f92e8a1c0dec1b1747d010903e884be1,0xa3d596eafab6b13ab18d40fae1a962700c84adea,OP Receiver,"0,6,1,2,1,2",ethereum,20845373,2024-09-27 23:53:35.000 UTC,0xb2644085922cd777b7f31698a4a7c4e83cd1a8a8,0xd39beac20ccf3abea0f05ac43aa5966cbb44c37e78c1082a0798bd14a161719a,0x8c3152e9,0xbeb5fc579115071764c7423a4f12edde41f106ed,28634690477578810000,28.634690477578808,2024-10-01 02:35:13.068840
8453.0,Base,Base Fee Disburser Proxy,True,0x09c7bad99688a55a2e83644bfaed09e62bdcccba,0x9c3631dde5c8316be5b7554b0ccd2631c15a9a05,OP Receiver,"0,12",base,12526929,2024-03-31 00:00:05.000 UTC,0xd46bd800702d639b3ad20c1230d9c1c751d41ea7,0x3b5846562b313aac71953b20aee8d968b8111c54a90d17539afc135a66959c2b,0xb87ea8d4,0x09c7bad99688a55a2e83644bfaed09e62bdcccba,423406636232282200000,423.4066362322822,2024-10-01 02:35:13.068840
10.0,OP Mainnet,OPM L1 Standard Bridge,True,0x99c9fc46f92e8a1c0dec1b1747d010903e884be1,0xa3d596eafab6b13ab18d40fae1a962700c84adea,OP Receiver,"0,6,1,2,1,2",ethereum,20845715,2024-09-28 01:01:59.000 UTC,0xb2644085922cd777b7f31698a4a7c4e83cd1a8a8,0x1797a304d6fae63ef783cdea5492f21b0768e7b48320b1ec668b9bfb5ef52dff,0x8c3152e9,0xbeb5fc579115071764c7423a4f12edde41f106ed,18363207720283427000,18.363207720283427,2024-10-01 02:35:13.068840
8453.0,Base,Base Fee Disburser Proxy,True,0x09c7bad99688a55a2e83644bfaed09e62bdcccba,0x9c3631dde5c8316be5b7554b0ccd2631c15a9a05,OP Receiver,"0,11",base,19482130,2024-09-08 00:00:07.000 UTC,0xd46bd800702d639b3ad20c1230d9c1c751d41ea7,0x09a0a584d681a83638a3a786ce678a95324718272c107496939788c2535b43ca,0xb87ea8d4,0x09c7bad99688a55a2e83644bfaed09e62bdcccba,13798749548016198000,13.798749548016197,2024-10-01 02:35:13.068840
8453.0,Base,Base Fee Disburser Proxy,True,0x09c7bad99688a55a2e83644bfaed09e62bdcccba,0x9c3631dde5c8316be5b7554b0ccd2631c15a9a05,OP Receiver,"0,11",base,17062929,2024-07-14 00:00:05.000 UTC,0xd46bd800702d639b3ad20c1230d9c1c751d41ea7,0x1cdf8b8a99a4aa8d7a1a80f8b05d42204bc0aa71b1f2dfc2ca3d8f19462ceebd,0xb87ea8d4,0x09c7bad99688a55a2e83644bfaed09e62bdcccba,22256613433555720000,22.256613433555717,2024-10-01 02:35:13.068840
34443.0,Mode,Mode Disburser,True,0xed4811010a86f7c39134fbc20206d906ad1176b6,0xa3d596eafab6b13ab18d40fae1a962700c84adea,OP Receiver,"0,0,1",ethereum,19927409,2024-05-22 19:08:23.000 UTC,0xefcf0c8fafb425997870f845e26fc6ca6ee6dd5c,0x6b2c4cfc0f45f23ca4c5f4f04064fcfbb69057d04614b03ba55dcec57c4b70aa,0x6a761202,0xed4811010a86f7c39134fbc20206d906ad1176b6,5686237473829336000,5.686237473829336,2024-10-01 02:35:13.068840
8453.0,Base,Base Fee Disburser Proxy,True,0x09c7bad99688a55a2e83644bfaed09e62bdcccba,0x9c3631dde5c8316be5b7554b0ccd2631c15a9a05,OP Receiver,"0,11",base,6437228,2023-11-11 00:50:03.000 UTC,0xd46bd800702d639b3ad20c1230d9c1c751d41ea7,0x303725c60518e19992c776e0e2d409d5d98786839cf321427ef488787818531e,0xb87ea8d4,0x09c7bad99688a55a2e83644bfaed09e62bdcccba,882929575287440000,0.88292957528744,2024-10-01 02:35:13.068840
8453.0,Base,Base Fee Disburser Proxy,True,0x09c7bad99688a55a2e83644bfaed09e62bdcccba,0x9c3631dde5c8316be5b7554b0ccd2631c15a9a05,OP Receiver,"0,11",base,19005615,2024-08-27 23:16:17.000 UTC,0x98faafab43c690fcd8a76e5605010aab891cedca,0xf6aaaf79b3b87cfcb1d60cb407f197045801117759f22297681df81701de90af,0xb87ea8d4,0x09c7bad99688a55a2e83644bfaed09e62bdcccba,9671232505423139000,9.67123250542314,2024-10-01 02:35:13.068840
8453.0,Base,Base Fee Disburser Proxy,True,0x09c7bad99688a55a2e83644bfaed09e62bdcccba,0x9c3631dde5c8316be5b7554b0ccd2631c15a9a05,OP Receiver,"0,12",base,18272529,2024-08-11 00:00:05.000 UTC,0xd46bd800702d639b3ad20c1230d9c1c751d41ea7,0xc99f092286eb84e565edb1721270523a836d482f8288b0d1485f8155a6dc69f4,0xb87ea8d4,0x09c7bad99688a55a2e83644bfaed09e62bdcccba,54688684490141204000,54.688684490141206,2024-10-01 02:35:13.068840
8453.0,Base,Base Fee Disburser Proxy,True,0x09c7bad99688a55a2e83644bfaed09e62bdcccba,0x9c3631dde5c8316be5b7554b0ccd2631c15a9a05,OP Receiver,"0,11",base,17365330,2024-07-21 00:00:07.000 UTC,0xd46bd800702d639b3ad20c1230d9c1c751d41ea7,0x1fea925e7f6b875b3327eca7fe3b5b71f04499b0139edf7ac04f87dfee018e7a,0xb87ea8d4,0x09c7bad99688a55a2e83644bfaed09e62bdcccba,8285303209908746000,8.285303209908745,2024-10-01 02:35:13.068840
8453.0,Base,Base Fee Disburser Proxy,True,0x09c7bad99688a55a2e83644bfaed09e62bdcccba,0x9c3631dde5c8316be5b7554b0ccd2631c15a9a05,OP Receiver,"0,11",base,13378443,2024-04-19 17:03:53.000 UTC,0xf2a3cd180bea8da995e2b27702d3293340769db6,0xd26833c9eb328e55a0de9a7e03bbe4c1c382f1e9a79fd66621d8ce9d5283ede2,0xb87ea8d4,0x09c7bad99688a55a2e83644bfaed09e62bdcccba,77415341488883400000,77.4153414888834,2024-10-01 02:35:13.068840
8453.0,Base,Base Fee Disburser Proxy,True,0x09c7bad99688a55a2e83644bfaed09e62bdcccba,0x9c3631dde5c8316be5b7554b0ccd2631c15a9a05,OP Receiver,"0,11",base,17317591,2024-07-19 21:28:49.000 UTC,0x9e94612be8b16f342f2d2862179fa8eac6f57b27,0x5778df285333d8f33cc79a9cbe4843ddd747c5c956fa5a10de322711211978d8,0xb87ea8d4,0x09c7bad99688a55a2e83644bfaed09e62bdcccba,22472829680801313000,22.47282968080131,2024-10-01 02:35:13.068840
8453.0,Base,Base Fee Disburser Proxy,True,0x09c7bad99688a55a2e83644bfaed09e62bdcccba,0x9c3631dde5c8316be5b7554b0ccd2631c15a9a05,OP Receiver,"0,11",base,6263980,2023-11-07 00:35:07.000 UTC,0xd46bd800702d639b3ad20c1230d9c1c751d41ea7,0xd1f6652f9943b5fc04514236bfa321cce4b6be07a576aef966f325976cf560f3,0xb87ea8d4,0x09c7bad99688a55a2e83644bfaed09e62bdcccba,612774938764968600,0.6127749387649686,2024-10-01 02:35:13.068840
10.0,OP Mainnet,OPM L1 Standard Bridge,True,0x99c9fc46f92e8a1c0dec1b1747d010903e884be1,0xa3d596eafab6b13ab18d40fae1a962700c84adea,OP Receiver,"0,5,1,2,1,2",ethereum,19366978,2024-03-05 05:48:59.000 UTC,0xb2644085922cd777b7f31698a4a7c4e83cd1a8a8,0x1d2bbc780df2088d5bf5cfbe21ed255261c683f1208a39a4fab7852053e6c121,0x8c3152e9,0xbeb5fc579115071764c7423a4f12edde41f106ed,1.605871582073191e+21,1605.871582073191,2024-10-01 02:35:13.068840
8453.0,Base,Base Fee Disburser Proxy,True,0x09c7bad99688a55a2e83644bfaed09e62bdcccba,0x9c3631dde5c8316be5b7554b0ccd2631c15a9a05,OP Receiver,"0,12",base,16760529,2024-07-07 00:00:05.000 UTC,0xd46bd800702d639b3ad20c1230d9c1c751d41ea7,0x9493f66f792541472b1e51fe88f4fdf0e61ecf98a8fc8234be66185d2f464ad6,0xb87ea8d4,0x09c7bad99688a55a2e83644bfaed09e62bdcccba,22622176587850306000,22.622176587850305,2024-10-01 02:35:13.068840
8453.0,Base,Base Fee Disburser Proxy,True,0x09c7bad99688a55a2e83644bfaed09e62bdcccba,0x9c3631dde5c8316be5b7554b0ccd2631c15a9a05,OP Receiver,"0,11",base,6868779,2023-11-21 00:35:05.000 UTC,0xd46bd800702d639b3ad20c1230d9c1c751d41ea7,0xc131474ef2263023faa7fa38eeddd489f2beb9f4de64f84a3b8cbeb187903aa3,0xb87ea8d4,0x09c7bad99688a55a2e83644bfaed09e62bdcccba,825342166470355800,0.8253421664703559,2024-10-01 02:35:13.068840
8453.0,Base,Base Fee Disburser Proxy,True,0x09c7bad99688a55a2e83644bfaed09e62bdcccba,0x9c3631dde5c8316be5b7554b0ccd2631c15a9a05,OP Receiver,"0,11",base,6565329,2023-11-14 00:00:05.000 UTC,0xd46bd800702d639b3ad20c1230d9c1c751d41ea7,0x420c1ba57bfc8902f6875677adfec2bf300659a25e1000f9201bc41f4cf7e4ac,0xb87ea8d4,0x09c7bad99688a55a2e83644bfaed09e62bdcccba,1249317651006376700,1.2493176510063766,2024-10-01 02:35:13.068840
8453.0,Base,Base Fee Disburser Proxy,True,0x09c7bad99688a55a2e83644bfaed09e62bdcccba,0x9c3631dde5c8316be5b7554b0ccd2631c15a9a05,OP Receiver,"0,10",base,19320589,2024-09-04 06:15:25.000 UTC,0x98faafab43c690fcd8a76e5605010aab891cedca,0x82434ceb6d32a29d4fbde4af5c1bdfdd5bc034a196aa7ea1f3ff98261b735b56,0xb87ea8d4,0x09c7bad99688a55a2e83644bfaed09e62bdcccba,10768597546646608000,10.768597546646609,2024-10-01 02:35:13.068840
8453.0,Base,Base Fee Disburser Proxy,True,0x09c7bad99688a55a2e83644bfaed09e62bdcccba,0x9c3631dde5c8316be5b7554b0ccd2631c15a9a05,OP Receiver,"0,12",base,17970279,2024-08-04 00:05:05.000 UTC,0xd46bd800702d639b3ad20c1230d9c1c751d41ea7,0x14a13407c63f6e225352a0157ec9ba2d2f08a2b05a7499c8982550bbe5fc3470,0xb87ea8d4,0x09c7bad99688a55a2e83644bfaed09e62bdcccba,30904189510028860000,30.90418951002886,2024-10-01 02:35:13.068840
7777777.0,Zora,Zora Disburser,True,0xe900b3edc1ba0430cfa9a204a1027b90825ac951,0xa3d596eafab6b13ab18d40fae1a962700c84adea,OP Receiver,"0,0,1",ethereum,18764072,2023-12-11 16:11:23.000 UTC,0xefcf0c8fafb425997870f845e26fc6ca6ee6dd5c,0x8ff9c8cb779c9a16e6628e48affaac74330288ad471de06715d3cad7b2619263,0x6a761202,0xe900b3edc1ba0430cfa9a204a1027b90825ac951,4203000000000000000,4.203,2024-10-01 02:35:13.068840
10.0,OP Mainnet,OPM L1 Standard Bridge,True,0x99c9fc46f92e8a1c0dec1b1747d010903e884be1,0xa3d596eafab6b13ab18d40fae1a962700c84adea,OP Receiver,"0,6,1,2,1,2",ethereum,20845711,2024-09-28 01:01:11.000 UTC,0xb2644085922cd777b7f31698a4a7c4e83cd1a8a8,0xcaedc914387bdec7e15b2965dc45e8581335b1241317532c21436d612a702b39,0x8c3152e9,0xbeb5fc579115071764c7423a4f12edde41f106ed,28226583821828444000,28.226583821828445,2024-10-01 02:35:13.068840
8453.0,Base,Base Fee Disburser Proxy,True,0x09c7bad99688a55a2e83644bfaed09e62bdcccba,0x9c3631dde5c8316be5b7554b0ccd2631c15a9a05,OP Receiver,"0,11",base,6738730,2023-11-18 00:20:07.000 UTC,0xd46bd800702d639b3ad20c1230d9c1c751d41ea7,0xbefe1660d6fc42254de3f6c9ba628cbb7353df8e31dda6a033e9b150b1e9fe35,0xb87ea8d4,0x09c7bad99688a55a2e83644bfaed09e62bdcccba,797771670462040600,0.7977716704620406,2024-10-01 02:35:13.068840
8453.0,Base,Base Fee Disburser Proxy,True,0x09c7bad99688a55a2e83644bfaed09e62bdcccba,0x9c3631dde5c8316be5b7554b0ccd2631c15a9a05,OP Receiver,"0,11",base,10410130,2024-02-11 00:00:07.000 UTC,0xd46bd800702d639b3ad20c1230d9c1c751d41ea7,0x17ea0d4f8fdef4d992ba3ed3256099e3fd55a9b8ced2ddf837bd9f4076e48d4a,0xb87ea8d4,0x09c7bad99688a55a2e83644bfaed09e62bdcccba,14064663473744065000,14.064663473744064,2024-10-01 02:35:13.068840
7777777.0,Zora,Zora Disburser,True,0xe900b3edc1ba0430cfa9a204a1027b90825ac951,0xa3d596eafab6b13ab18d40fae1a962700c84adea,OP Receiver,"0,0,0",ethereum,18551519,2023-11-11 21:58:23.000 UTC,0xefcf0c8fafb425997870f845e26fc6ca6ee6dd5c,0x95c915b065663209758ba5d27f7afe9b2e82a9283181718a69718ad8d4c16b25,0x6a761202,0xe900b3edc1ba0430cfa9a204a1027b90825ac951,8647500000000000000,8.6475,2024-10-01 02:35:13.068840
8453.0,Base,Base Fee Disburser Proxy,True,0x09c7bad99688a55a2e83644bfaed09e62bdcccba,0x9c3631dde5c8316be5b7554b0ccd2631c15a9a05,OP Receiver,"0,11",base,7042179,2023-11-25 00:55:05.000 UTC,0xd46bd800702d639b3ad20c1230d9c1c751d41ea7,0xc87593c3d26b8f3564ca6295853b210174f0ea217485584311a4161c416edac4,0xb87ea8d4,0x09c7bad99688a55a2e83644bfaed09e62bdcccba,586919735166913500,0.5869197351669135,2024-10-01 02:35:13.068840
10.0,OP Mainnet,OPM L1 Standard Bridge,True,0x99c9fc46f92e8a1c0dec1b1747d010903e884be1,0xa3d596eafab6b13ab18d40fae1a962700c84adea,OP Receiver,"0,6,1,2,1,2",ethereum,20845360,2024-09-27 23:50:59.000 UTC,0xb2644085922cd777b7f31698a4a7c4e83cd1a8a8,0x5eb0ca6a4ca05f49251313514db2aef0c7cc07f732b97b4d28a0ba06f851d736,0x8c3152e9,0xbeb5fc579115071764c7423a4f12edde41f106ed,21317725853914034000,21.317725853914034,2024-10-01 02:35:13.068840
7777777.0,Zora,Zora Disburser,True,0xe900b3edc1ba0430cfa9a204a1027b90825ac951,0xa3d596eafab6b13ab18d40fae1a962700c84adea,OP Receiver,"0,0",ethereum,18313894,2023-10-09 15:45:11.000 UTC,0xefcf0c8fafb425997870f845e26fc6ca6ee6dd5c,0x708f60b45d801a847c43fbd209d9777260961318906364bbb0b8c87183471a9a,0x6a761202,0xe900b3edc1ba0430cfa9a204a1027b90825ac951,12173907000000000000,12.173907,2024-10-01 02:35:13.068840
8453.0,Base,Base Fee Disburser Proxy,True,0x09c7bad99688a55a2e83644bfaed09e62bdcccba,0x9c3631dde5c8316be5b7554b0ccd2631c15a9a05,OP Receiver,"0,11",base,6480578,2023-11-12 00:55:03.000 UTC,0xd46bd800702d639b3ad20c1230d9c1c751d41ea7,0x2e61763f29f32e4283121e699dcd2fee434abc04c6797fd2ba75336b2bc7484d,0xb87ea8d4,0x09c7bad99688a55a2e83644bfaed09e62bdcccba,562758131543908600,0.5627581315439086,2024-10-01 02:35:13.068840
10.0,OP Mainnet,OPM L1 Standard Bridge,True,0x99c9fc46f92e8a1c0dec1b1747d010903e884be1,0xa3d596eafab6b13ab18d40fae1a962700c84adea,OP Receiver,"0,6,1,2,1,2",ethereum,20845615,2024-09-28 00:41:59.000 UTC,0xb2644085922cd777b7f31698a4a7c4e83cd1a8a8,0x94c9209f6463dbd0a34269217d1185f052a5154313a695c1fa63f3525e38fda6,0x8c3152e9,0xbeb5fc579115071764c7423a4f12edde41f106ed,442685809070278440000,442.6858090702784,2024-10-01 02:35:13.068840
8453.0,Base,Base Fee Disburser Proxy,True,0x09c7bad99688a55a2e83644bfaed09e62bdcccba,0x9c3631dde5c8316be5b7554b0ccd2631c15a9a05,OP Receiver,"0,12",base,11922129,2024-03-17 00:00:05.000 UTC,0xd46bd800702d639b3ad20c1230d9c1c751d41ea7,0xb76dcc5cc46e725482574c3ce05654e2ae3f6cef81664b77f3af32a2a500a673,0xb87ea8d4,0x09c7bad99688a55a2e83644bfaed09e62bdcccba,35989236891283190000,35.98923689128319,2024-10-01 02:35:13.068840
8453.0,Base,Base Fee Disburser Proxy,True,0x09c7bad99688a55a2e83644bfaed09e62bdcccba,0x9c3631dde5c8316be5b7554b0ccd2631c15a9a05,OP Receiver,"0,11",base,7991018,2023-12-17 00:03:03.000 UTC,0xd46bd800702d639b3ad20c1230d9c1c751d41ea7,0x5b4b2b0bf4de1edafd1951bd67b0c72eac7b4ec5941dace213de1a3cf264ad83,0xb87ea8d4,0x09c7bad99688a55a2e83644bfaed09e62bdcccba,1320292335613955000,1.320292335613955,2024-10-01 02:35:13.068840
8453.0,Base,Base Fee Disburser Proxy,True,0x09c7bad99688a55a2e83644bfaed09e62bdcccba,0x9c3631dde5c8316be5b7554b0ccd2631c15a9a05,OP Receiver,"0,12",base,13131729,2024-04-14 00:00:05.000 UTC,0xd46bd800702d639b3ad20c1230d9c1c751d41ea7,0x46f1bda14244aa65524ba10de0865c31c3afec12f889c57d191dee39c4bdb225,0xb87ea8d4,0x09c7bad99688a55a2e83644bfaed09e62bdcccba,155122611164363160000,155.12261116436315,2024-10-01 02:35:13.068840
10.0,OP Mainnet,OPM L1 Standard Bridge,True,0x99c9fc46f92e8a1c0dec1b1747d010903e884be1,0xa3d596eafab6b13ab18d40fae1a962700c84adea,OP Receiver,"0,6,1,2,1,2",ethereum,20845373,2024-09-27 23:53:35.000 UTC,0xb2644085922cd777b7f31698a4a7c4e83cd1a8a8,0xadf48404b72a68a8d065b8becf2946d4483073de62bec626002783fe02102b3e,0x8c3152e9,0xbeb5fc579115071764c7423a4f12edde41f106ed,23854281461038256000,23.854281461038255,2024-10-01 02:35:13.068840
10.0,OP Mainnet,OPM L1 Standard Bridge,True,0x99c9fc46f92e8a1c0dec1b1747d010903e884be1,0xa3d596eafab6b13ab18d40fae1a962700c84adea,OP Receiver,"0,6,1,2,1,2",ethereum,20845678,2024-09-28 00:54:35.000 UTC,0xb2644085922cd777b7f31698a4a7c4e83cd1a8a8,0x3dc5027c46fcfdcb565725a4e2cd725a42d40d5e1d1c12e654a85c0b012d7cf4,0x8c3152e9,0xbeb5fc579115071764c7423a4f12edde41f106ed,499072488194366900000,499.0724881943669,2024-10-01 02:35:13.068840
8453.0,Base,Base Fee Disburser Proxy,True,0x09c7bad99688a55a2e83644bfaed09e62bdcccba,0x9c3631dde5c8316be5b7554b0ccd2631c15a9a05,OP Receiver,"0,11",base,7387029,2023-12-03 00:30:05.000 UTC,0xd46bd800702d639b3ad20c1230d9c1c751d41ea7,0x32e69c5521b40ffccb1fb51ada0450ac6dc6d792cc1a7dabf75f599aa804ccae,0xb87ea8d4,0x09c7bad99688a55a2e83644bfaed09e62bdcccba,740130396359883100,0.7401303963598831,2024-10-01 02:35:13.068840
8453.0,Base,Base Fee Disburser Proxy,True,0x09c7bad99688a55a2e83644bfaed09e62bdcccba,0x9c3631dde5c8316be5b7554b0ccd2631c15a9a05,OP Receiver,"0,11",base,15700158,2024-06-12 10:54:23.000 UTC,0x4afc2398e1b0b4596706e5e96218571eb9203d12,0x078614869b2f8d6eae03fd134c59c67fa216b6faba5a163ff0ed48028d7cf7f7,0xb87ea8d4,0x09c7bad99688a55a2e83644bfaed09e62bdcccba,19911069814049382000,19.911069814049384,2024-10-01 02:35:13.068840
7777777.0,Zora,Zora Disburser,True,0xe900b3edc1ba0430cfa9a204a1027b90825ac951,0xa3d596eafab6b13ab18d40fae1a962700c84adea,OP Receiver,"0,0,1",ethereum,18999702,2024-01-13 18:17:23.000 UTC,0xefcf0c8fafb425997870f845e26fc6ca6ee6dd5c,0x4953cb5dca90e7d213299fe6c6afb69e2cc9bea1669d7a98ef1eb5945b696c9f,0x6a761202,0xe900b3edc1ba0430cfa9a204a1027b90825ac951,4497000000000000000,4.497,2024-10-01 02:35:13.068840
34443.0,Mode,Mode Disburser,True,0xed4811010a86f7c39134fbc20206d906ad1176b6,0xa3d596eafab6b13ab18d40fae1a962700c84adea,OP Receiver,"0,0,1",ethereum,19393353,2024-03-08 22:21:35.000 UTC,0xefcf0c8fafb425997870f845e26fc6ca6ee6dd5c,0x8d3103a253417974770d4c2ae0fa58b427e36a17c9a38d84de8ee38f202e72c0,0x6a761202,0xed4811010a86f7c39134fbc20206d906ad1176b6,43621500000000000000,43.6215,2024-10-01 02:35:13.068840
10.0,OP Mainnet,OPM L1 Standard Bridge,True,0x99c9fc46f92e8a1c0dec1b1747d010903e884be1,0xa3d596eafab6b13ab18d40fae1a962700c84adea,OP Receiver,"0,6,1,2,1,2",ethereum,20845706,2024-09-28 01:00:11.000 UTC,0xb2644085922cd777b7f31698a4a7c4e83cd1a8a8,0x22d1336767bd41e77a82aca6058434ea4791ab1b3e23ec9e88ccf541225d8a29,0x8c3152e9,0xbeb5fc579115071764c7423a4f12edde41f106ed,38092920509614930000,38.092920509614935,2024-10-01 02:35:13.068840
8453.0,Base,Base Fee Disburser Proxy,True,0x09c7bad99688a55a2e83644bfaed09e62bdcccba,0x9c3631dde5c8316be5b7554b0ccd2631c15a9a05,OP Receiver,"0,11",base,14487550,2024-05-15 09:14:07.000 UTC,0x8590d0dc597d7c8174cbe9d0f18f33e9274dd040,0xe35f233b6ef6babd3caf61da7012b7845dd2241f98e9dcbdebc467bea95bcd97,0xb87ea8d4,0x09c7bad99688a55a2e83644bfaed09e62bdcccba,27821089945390850000,27.82108994539085,2024-10-01 02:35:13.068840
8453.0,Base,Base Fee Disburser Proxy,True,0x09c7bad99688a55a2e83644bfaed09e62bdcccba,0x9c3631dde5c8316be5b7554b0ccd2631c15a9a05,OP Receiver,"0,12",base,15248533,2024-06-02 00:00:13.000 UTC,0xd46bd800702d639b3ad20c1230d9c1c751d41ea7,0xe08e4c0178f6d76ce8ed7b7def3947e1f90249aff7c50063475e71a27ba87e28,0xb87ea8d4,0x09c7bad99688a55a2e83644bfaed09e62bdcccba,59038884586654280000,59.03888458665428,2024-10-01 02:35:13.068840
8453.0,Base,Base Fee Disburser Proxy,True,0x09c7bad99688a55a2e83644bfaed09e62bdcccba,0x9c3631dde5c8316be5b7554b0ccd2631c15a9a05,OP Receiver,"0,11",base,8034219,2023-12-18 00:03:05.000 UTC,0xd46bd800702d639b3ad20c1230d9c1c751d41ea7,0x4ad06c03f6f12de3aa517a7ec3009e9ebe14604243fae2965a28a9f055857c49,0xb87ea8d4,0x09c7bad99688a55a2e83644bfaed09e62bdcccba,923594719680354800,0.9235947196803548,2024-10-01 02:35:13.068840
8453.0,Base,Base Fee Disburser Proxy,True,0x09c7bad99688a55a2e83644bfaed09e62bdcccba,0x9c3631dde5c8316be5b7554b0ccd2631c15a9a05,OP Receiver,"0,12",base,19784536,2024-09-15 00:00:19.000 UTC,0xd46bd800702d639b3ad20c1230d9c1c751d41ea7,0x9234ea890ff60d0632fabd386f3c109d546cbd1d13b9db73fa499dbc24c6145f,0xb87ea8d4,0x09c7bad99688a55a2e83644bfaed09e62bdcccba,18885096695532917000,18.885096695532916,2024-10-01 02:35:13.068840
8453.0,Base,Base Fee Disburser Proxy,True,0x09c7bad99688a55a2e83644bfaed09e62bdcccba,0x9c3631dde5c8316be5b7554b0ccd2631c15a9a05,OP Receiver,"0,11",base,13434129,2024-04-21 00:00:05.000 UTC,0xd46bd800702d639b3ad20c1230d9c1c751d41ea7,0xfac64372175d8ac6a633f53821e01983fcba140f2081808e0dd23b740f9c5a1a,0xb87ea8d4,0x09c7bad99688a55a2e83644bfaed09e62bdcccba,10449690314105340000,10.44969031410534,2024-10-01 02:35:13.068840
10.0,OP Mainnet,OPM L1 Standard Bridge,True,0x99c9fc46f92e8a1c0dec1b1747d010903e884be1,0xa3d596eafab6b13ab18d40fae1a962700c84adea,OP Receiver,"0,4,1,1,1,1",ethereum,18329508,2023-10-11 20:15:11.000 UTC,0xb2644085922cd777b7f31698a4a7c4e83cd1a8a8,0x808ccad717835502b6502f2290b8fdc96a8f9b08410e57f189129b8a04013a3c,0x8c3152e9,0xbeb5fc579115071764c7423a4f12edde41f106ed,558588515064632640000,558.5885150646326,2024-10-01 02:35:13.068840
10.0,OP Mainnet,OPM L1 Standard Bridge,True,0x99c9fc46f92e8a1c0dec1b1747d010903e884be1,0xa3d596eafab6b13ab18d40fae1a962700c84adea,OP Receiver,"0,6,1,2,1,2",ethereum,20845356,2024-09-27 23:50:11.000 UTC,0xb2644085922cd777b7f31698a4a7c4e83cd1a8a8,0x770457afe1e82ac8ccdb0577607fef69242df2e4b44e07fad6df38871f6f9794,0x8c3152e9,0xbeb5fc579115071764c7423a4f12edde41f106ed,12018572835017177000,12.018572835017178,2024-10-01 02:35:13.068840
8453.0,Base,Base Fee Disburser Proxy,True,0x09c7bad99688a55a2e83644bfaed09e62bdcccba,0x9c3631dde5c8316be5b7554b0ccd2631c15a9a05,OP Receiver,"0,11",base,9200529,2024-01-14 00:00:05.000 UTC,0xd46bd800702d639b3ad20c1230d9c1c751d41ea7,0xeb2b6edd9b310bdd2e4443cf2d27a8447d5f765a7d875c886179aad31f51a509,0xb87ea8d4,0x09c7bad99688a55a2e83644bfaed09e62bdcccba,5515377273778235000,5.515377273778236,2024-10-01 02:35:13.068840
8453.0,Base,Base Fee Disburser Proxy,True,0x09c7bad99688a55a2e83644bfaed09e62bdcccba,0x9c3631dde5c8316be5b7554b0ccd2631c15a9a05,OP Receiver,"0,11",base,8077448,2023-12-19 00:04:03.000 UTC,0xd46bd800702d639b3ad20c1230d9c1c751d41ea7,0x4c52d28e4fcdd02959c23952cded0ccf1d2bbce2904b5aa2b3b1551cf8f3ef13,0xb87ea8d4,0x09c7bad99688a55a2e83644bfaed09e62bdcccba,1093240404603431200,1.0932404046034312,2024-10-01 02:35:13.068840
8453.0,Base,Base Fee Disburser Proxy,True,0x09c7bad99688a55a2e83644bfaed09e62bdcccba,0x9c3631dde5c8316be5b7554b0ccd2631c15a9a05,OP Receiver,"0,11",base,7300329,2023-12-01 00:20:05.000 UTC,0xd46bd800702d639b3ad20c1230d9c1c751d41ea7,0x70fa1140d9c421e11698e3ebfa668137187baea49b0eb8936dc4310f5863e945,0xb87ea8d4,0x09c7bad99688a55a2e83644bfaed09e62bdcccba,835269427250690400,0.8352694272506904,2024-10-01 02:35:13.068840
8453.0,Base,Base Fee Disburser Proxy,True,0x09c7bad99688a55a2e83644bfaed09e62bdcccba,0x9c3631dde5c8316be5b7554b0ccd2631c15a9a05,OP Receiver,"0,11",base,7603630,2023-12-08 00:50:07.000 UTC,0xd46bd800702d639b3ad20c1230d9c1c751d41ea7,0x678e325ed9f410e68aae1351119e092d0af3a3e0227e1910dba20a74261887df,0xb87ea8d4,0x09c7bad99688a55a2e83644bfaed09e62bdcccba,985206863742698600,0.9852068637426986,2024-10-01 02:35:13.068840
10.0,OP Mainnet,OPM L1 Standard Bridge,True,0x99c9fc46f92e8a1c0dec1b1747d010903e884be1,0xa3d596eafab6b13ab18d40fae1a962700c84adea,OP Receiver,"0,6,1,2,1,2",ethereum,20845709,2024-09-28 01:00:47.000 UTC,0xb2644085922cd777b7f31698a4a7c4e83cd1a8a8,0xdbb085e69c8a0691797857f00efc3e8813d07063b6411644555eea4564fb572f,0x8c3152e9,0xbeb5fc579115071764c7423a4f12edde41f106ed,31613548961791242000,31.613548961791242,2024-10-01 02:35:13.068840
8453.0,Base,Base Fee Disburser Proxy,True,0x09c7bad99688a55a2e83644bfaed09e62bdcccba,0x9c3631dde5c8316be5b7554b0ccd2631c15a9a05,OP Receiver,"0,11",base,19151143,2024-08-31 08:07:13.000 UTC,0x98faafab43c690fcd8a76e5605010aab891cedca,0x747bf11c58dab70dd6534515e2a74b3f3f8c36a79f8c7265c7ea9c9b9a48a171,0xb87ea8d4,0x09c7bad99688a55a2e83644bfaed09e62bdcccba,14502341167718880000,14.50234116771888,2024-10-01 02:35:13.068840
8453.0,Base,Base Fee Disburser Proxy,True,0x09c7bad99688a55a2e83644bfaed09e62bdcccba,0x9c3631dde5c8316be5b7554b0ccd2631c15a9a05,OP Receiver,"0,11",base,8293329,2023-12-24 00:00:05.000 UTC,0xd46bd800702d639b3ad20c1230d9c1c751d41ea7,0x9a289b5169265a838ba04e9564df2b362dc6e80b396be49592ed997eadf42574,0xb87ea8d4,0x09c7bad99688a55a2e83644bfaed09e62bdcccba,5416436652329215000,5.416436652329215,2024-10-01 02:35:13.068840
10.0,OP Mainnet,OPM L1 Standard Bridge,True,0x99c9fc46f92e8a1c0dec1b1747d010903e884be1,0xa3d596eafab6b13ab18d40fae1a962700c84adea,OP Receiver,"0,6,1,2,1,2",ethereum,20845615,2024-09-28 00:41:59.000 UTC,0xb2644085922cd777b7f31698a4a7c4e83cd1a8a8,0xe1e0f16c60965ad79e0224cb65724ce6cf2439d4f739c49868ee0946df22f796,0x8c3152e9,0xbeb5fc579115071764c7423a4f12edde41f106ed,122202221425250860000,122.20222142525085,2024-10-01 02:35:13.068840
8453.0,Base,Base Fee Disburser Proxy,True,0x09c7bad99688a55a2e83644bfaed09e62bdcccba,0x9c3631dde5c8316be5b7554b0ccd2631c15a9a05,OP Receiver,"0,11",base,6695379,2023-11-17 00:15:05.000 UTC,0xd46bd800702d639b3ad20c1230d9c1c751d41ea7,0x5912cbaced08ded3506a282b19f03fbe51e780d6341382e5171c60fed5195195,0xb87ea8d4,0x09c7bad99688a55a2e83644bfaed09e62bdcccba,1066779479733310500,1.0667794797333106,2024-10-01 02:35:13.068840
8453.0,Base,Base Fee Disburser Proxy,True,0x09c7bad99688a55a2e83644bfaed09e62bdcccba,0x9c3631dde5c8316be5b7554b0ccd2631c15a9a05,OP Receiver,"0,11",base,7170279,2023-11-28 00:05:05.000 UTC,0xd46bd800702d639b3ad20c1230d9c1c751d41ea7,0x867d2aa98cefa150497e0e7919449099967d3b23389e88644dbefd15c5c8f848,0xb87ea8d4,0x09c7bad99688a55a2e83644bfaed09e62bdcccba,670247120885932200,0.6702471208859322,2024-10-01 02:35:13.068840
8453.0,Base,Base Fee Disburser Proxy,True,0x09c7bad99688a55a2e83644bfaed09e62bdcccba,0x9c3631dde5c8316be5b7554b0ccd2631c15a9a05,OP Receiver,"0,11",base,7646834,2023-12-09 00:50:15.000 UTC,0xd46bd800702d639b3ad20c1230d9c1c751d41ea7,0xb66af5eefbd05b7cbff16187357b7a56d9fda929edf197ea51c8dfa3bdb5ef1d,0xb87ea8d4,0x09c7bad99688a55a2e83644bfaed09e62bdcccba,826319475193508100,0.8263194751935081,2024-10-01 02:35:13.068840
10.0,OP Mainnet,OPM L1 Standard Bridge,True,0x99c9fc46f92e8a1c0dec1b1747d010903e884be1,0xa3d596eafab6b13ab18d40fae1a962700c84adea,OP Receiver,"0,4,1,1,1,1",ethereum,18896017,2023-12-30 04:37:59.000 UTC,0xb2644085922cd777b7f31698a4a7c4e83cd1a8a8,0x96515d62db4fefc68faf69998e3a73c220c785c06631d0a0b68c6a1d86bc36d2,0x8c3152e9,0xbeb5fc579115071764c7423a4f12edde41f106ed,99096734158690480000,99.09673415869048,2024-10-01 02:35:13.068840
8453.0,Base,Base Fee Disburser Proxy,True,0x09c7bad99688a55a2e83644bfaed09e62bdcccba,0x9c3631dde5c8316be5b7554b0ccd2631c15a9a05,OP Receiver,"0,10",base,17145228,2024-07-15 21:43:23.000 UTC,0x65bcb5e473c35b999bcd05fc5193a4d348ce1ee0,0xf32b746da670df3e446d6bafcf822fccf5870fa2d06e2fe573509ff37c412018,0xb87ea8d4,0x09c7bad99688a55a2e83644bfaed09e62bdcccba,6292436939311308000,6.292436939311308,2024-10-01 02:35:13.068840
,RaaS - Conduit,Conduit Disburser 1,True,0x13f37e6b638ca83e7090bb3722b3ae04bf884019,0xa3d596eafab6b13ab18d40fae1a962700c84adea,OP Receiver,"0,0,0",ethereum,18759039,2023-12-10 23:18:35.000 UTC,0xefcf0c8fafb425997870f845e26fc6ca6ee6dd5c,0xad58ab714c9320da79e8681c569318b51446e0782bea986a52ac98329664f6a8,0x6a761202,0x13f37e6b638ca83e7090bb3722b3ae04bf884019,865500000000000000,0.8655,2024-10-01 02:35:13.068840
10.0,OP Mainnet,OPM L1 Standard Bridge,True,0x99c9fc46f92e8a1c0dec1b1747d010903e884be1,0xa3d596eafab6b13ab18d40fae1a962700c84adea,OP Receiver,"0,4,1,1,1,1",ethereum,18688225,2023-12-01 01:15:47.000 UTC,0xb2644085922cd777b7f31698a4a7c4e83cd1a8a8,0x2c33be622f321f401852ccb5837ecaaef231a3be8a720b98c8d6662fd4ed4146,0x8c3152e9,0xbeb5fc579115071764c7423a4f12edde41f106ed,176905707115683000000,176.905707115683,2024-10-01 02:35:13.068840
8453.0,Base,Base Fee Disburser Proxy,True,0x09c7bad99688a55a2e83644bfaed09e62bdcccba,0x9c3631dde5c8316be5b7554b0ccd2631c15a9a05,OP Receiver,"0,11",base,6004329,2023-11-01 00:20:05.000 UTC,0xd46bd800702d639b3ad20c1230d9c1c751d41ea7,0x2e3240f9ec9ad537216bf630cddce40cba93653f1d54de97685017ef622a3138,0xb87ea8d4,0x09c7bad99688a55a2e83644bfaed09e62bdcccba,1698034336158123000,1.698034336158123,2024-10-01 02:35:13.068840
10.0,OP Mainnet,OPM L1 Standard Bridge,True,0x99c9fc46f92e8a1c0dec1b1747d010903e884be1,0xa3d596eafab6b13ab18d40fae1a962700c84adea,OP Receiver,"0,6,1,2,1,2",ethereum,20845696,2024-09-28 00:58:11.000 UTC,0xb2644085922cd777b7f31698a4a7c4e83cd1a8a8,0x3d84810b60cd70203f2a72af6025917c98ef81824bf3af457d14c056dbec5bb8,0x8c3152e9,0xbeb5fc579115071764c7423a4f12edde41f106ed,95438514882937730000,95.43851488293774,2024-10-01 02:35:13.068840
8453.0,Base,Base Fee Disburser Proxy,True,0x09c7bad99688a55a2e83644bfaed09e62bdcccba,0x9c3631dde5c8316be5b7554b0ccd2631c15a9a05,OP Receiver,"0,11",base,6782078,2023-11-19 00:25:03.000 UTC,0xd46bd800702d639b3ad20c1230d9c1c751d41ea7,0xc985afceda5959d3f495310310e5b5ae07bdacf3c64877dcff1541eae49f396f,0xb87ea8d4,0x09c7bad99688a55a2e83644bfaed09e62bdcccba,668465099108650200,0.6684650991086503,2024-10-01 02:35:13.068840
8453.0,Base,Base Fee Disburser Proxy,True,0x09c7bad99688a55a2e83644bfaed09e62bdcccba,0x9c3631dde5c8316be5b7554b0ccd2631c15a9a05,OP Receiver,"0,11",base,15985783,2024-06-19 01:35:13.000 UTC,0xa6ea403c8b01a34ee9eb5a6152e44fa928c03270,0xb1eb6e805162a45422ef2e01b576db31f0596f94b4030d68f55e0b20932b8fc9,0xb87ea8d4,0x09c7bad99688a55a2e83644bfaed09e62bdcccba,14982649532341020000,14.982649532341021,2024-10-01 02:35:13.068840
8453.0,Base,Base Fee Disburser Proxy,True,0x09c7bad99688a55a2e83644bfaed09e62bdcccba,0x9c3631dde5c8316be5b7554b0ccd2631c15a9a05,OP Receiver,"0,11",base,14038929,2024-05-05 00:00:05.000 UTC,0xd46bd800702d639b3ad20c1230d9c1c751d41ea7,0xc7e3e2fb397be441710f122df2f34ca94502c85b8186a0d2e3b3efed40327c5a,0xb87ea8d4,0x09c7bad99688a55a2e83644bfaed09e62bdcccba,86726729085134830000,86.72672908513483,2024-10-01 02:35:13.068840
8453.0,Base,Base Fee Disburser Proxy,True,0x09c7bad99688a55a2e83644bfaed09e62bdcccba,0x9c3631dde5c8316be5b7554b0ccd2631c15a9a05,OP Receiver,"0,10",base,18831136,2024-08-23 22:20:19.000 UTC,0x98faafab43c690fcd8a76e5605010aab891cedca,0x980a416ea52afdd3cbbd06b0a794af1cea03914219a23fb1692b16d8a481a250,0xb87ea8d4,0x09c7bad99688a55a2e83644bfaed09e62bdcccba,16908810838043333000,16.908810838043333,2024-10-01 02:35:13.068840
10.0,OP Mainnet,OPM L1 Standard Bridge,True,0x99c9fc46f92e8a1c0dec1b1747d010903e884be1,0xa3d596eafab6b13ab18d40fae1a962700c84adea,OP Receiver,"0,4,1,1,1,1",ethereum,18473122,2023-10-31 22:35:35.000 UTC,0xb2644085922cd777b7f31698a4a7c4e83cd1a8a8,0xfc72b6afb32c6b291bea854093443bb8d2149212a956be116dcdf19b2905f79c,0x8c3152e9,0xbeb5fc579115071764c7423a4f12edde41f106ed,235137332531793820000,235.13733253179382,2024-10-01 02:35:13.068840
,RaaS - Conduit,Conduit Disburser 1,True,0x13f37e6b638ca83e7090bb3722b3ae04bf884019,0xa3d596eafab6b13ab18d40fae1a962700c84adea,OP Receiver,"0,0,1",ethereum,19976612,2024-05-29 16:08:59.000 UTC,0xefcf0c8fafb425997870f845e26fc6ca6ee6dd5c,0x9a5775150cf6be9f47ee9369f524b9b2f170e9de57ea271514359cc4f0c7ed37,0x6a761202,0x13f37e6b638ca83e7090bb3722b3ae04bf884019,3417000000000000000,3.417,2024-10-01 02:35:13.068840
10.0,OP Mainnet,OPM L1 Standard Bridge,True,0x99c9fc46f92e8a1c0dec1b1747d010903e884be1,0xa3d596eafab6b13ab18d40fae1a962700c84adea,OP Receiver,"0,6,1,2,1,2",ethereum,20845704,2024-09-28 00:59:47.000 UTC,0xb2644085922cd777b7f31698a4a7c4e83cd1a8a8,0x4af8f06408272b2bf2e85c430c61baf5b514a845fbdd3733ea792b733c506224,0x8c3152e9,0xbeb5fc579115071764c7423a4f12edde41f106ed,44025907210336900000,44.025907210336904,2024-10-01 02:35:13.068840
8453.0,Base,Base Fee Disburser Proxy,True,0x09c7bad99688a55a2e83644bfaed09e62bdcccba,0x9c3631dde5c8316be5b7554b0ccd2631c15a9a05,OP Receiver,"0,11",base,7560429,2023-12-07 00:50:05.000 UTC,0xd46bd800702d639b3ad20c1230d9c1c751d41ea7,0x7e6fbe1f48569d7a8a07d48ca56a2f46044d2778b03de1ca1abbcbdd71f2c13a,0xb87ea8d4,0x09c7bad99688a55a2e83644bfaed09e62bdcccba,1004733742076968400,1.0047337420769684,2024-10-01 02:35:13.068840
8453.0,Base,Base Fee Disburser Proxy,True,0x09c7bad99688a55a2e83644bfaed09e62bdcccba,0x9c3631dde5c8316be5b7554b0ccd2631c15a9a05,OP Receiver,"0,10",base,18574929,2024-08-18 00:00:05.000 UTC,0xd46bd800702d639b3ad20c1230d9c1c751d41ea7,0x9108724ec09876ca482353b50c4f58437ec76233ee8e93ee20564278056d1629,0xb87ea8d4,0x09c7bad99688a55a2e83644bfaed09e62bdcccba,1835821160611334700,1.8358211606113346,2024-10-01 02:35:13.068840
10.0,OP Mainnet,OPM L1 Standard Bridge,True,0x99c9fc46f92e8a1c0dec1b1747d010903e884be1,0xa3d596eafab6b13ab18d40fae1a962700c84adea,OP Receiver,"0,6,1,2,1,2",ethereum,20845615,2024-09-28 00:41:59.000 UTC,0xb2644085922cd777b7f31698a4a7c4e83cd1a8a8,0xfe17ace7f59282e085a1810677fded1d510d1890b4367f430551bbd43dfe29de,0x8c3152e9,0xbeb5fc579115071764c7423a4f12edde41f106ed,189592026701872270000,189.59202670187227,2024-10-01 02:35:13.068840
8453.0,Base,Base Fee Disburser Proxy,True,0x09c7bad99688a55a2e83644bfaed09e62bdcccba,0x9c3631dde5c8316be5b7554b0ccd2631c15a9a05,OP Receiver,"0,11",base,7256979,2023-11-30 00:15:05.000 UTC,0xd46bd800702d639b3ad20c1230d9c1c751d41ea7,0x447677e01d8043fa27245a03977844adefb3d67741fa0bae5471d3235a0a314b,0xb87ea8d4,0x09c7bad99688a55a2e83644bfaed09e62bdcccba,667385579909931100,0.6673855799099311,2024-10-01 02:35:13.068840
8453.0,Base,Base Fee Disburser Proxy,True,0x09c7bad99688a55a2e83644bfaed09e62bdcccba,0x9c3631dde5c8316be5b7554b0ccd2631c15a9a05,OP Receiver,"0,11",base,6134228,2023-11-04 00:30:03.000 UTC,0xd46bd800702d639b3ad20c1230d9c1c751d41ea7,0x79b37321a94e1c20c84c4e0584a2f6cdea7e32dae80e6ceee8cc41d9585ae5c1,0xb87ea8d4,0x09c7bad99688a55a2e83644bfaed09e62bdcccba,697394248317657200,0.6973942483176572,2024-10-01 02:35:13.068840
10.0,OP Mainnet,OPM L1 Standard Bridge,True,0x99c9fc46f92e8a1c0dec1b1747d010903e884be1,0xa3d596eafab6b13ab18d40fae1a962700c84adea,OP Receiver,"0,6,1,2,1,2",ethereum,20845355,2024-09-27 23:49:59.000 UTC,0xb2644085922cd777b7f31698a4a7c4e83cd1a8a8,0x217bf1d1abbb1805d586ff908373b928a7e63242d2505fd51ef52c5c8d1be4fb,0x8c3152e9,0xbeb5fc579115071764c7423a4f12edde41f106ed,142345579233837330000,142.34557923383733,2024-10-01 02:35:13.068840
