contract_address,created_block_time,created_tx_hash
0x08a008eea07d3cc7ca1913eec3468c10f8f79e6a,2021-07-28 17:28:28,0x607553202c306bbef151bf72d47a994fd4343cc268a38983b97396f4bd1d7c1e
0x042f51014b152c2d2fc9b57e36b16bc744065d8c,2021-07-08 19:10:23,0x8a85d89f4f944fde1cf73886ebac8f158959fe905765e42595c8432a8512bf74
0xab7badef82e9fe11f6f33f87bc9bc2aa27f2fcb5,2021-08-01 09:30:53,0x98569475e7f64d1edf5c9b1635d9f4f6de18d8d0ca5261c5e0fa13451f471061
0xf7adf6a1df921b1aed77ca4bb17c5ce78c29c773,2021-08-16 19:51:03,0x26f50f6f5c5aba5681b32cbde16cd2494211a0b8839c3979bb1ada99f24f05bb
0xa31bb36c5164b165f9c36955ea4ccbab42b3b28e,2021-08-06 10:16:01,0x32ed0cf271f8ca34204ce0eea78e0c2de1ead121f1d95573b801d0ec6e955352
0x022c5ce6f1add7423268d41e08df521d5527c2a0,2021-08-21 20:38:49,0xde3748a899de9a2d71d17ac54257fe450892e451668d2e948f04467e0d1c094c
0xf181ed90d6cfac84b8073fdea6d34aa744b41810,2021-09-14 22:16:31,0xaed05b6ecc70a2f6c401412207e2e7e549ef1a9f2572520a75969edc498341c2
0xbcb01210bd1c0790ca45cc4c49d9a183be99824d,2021-09-29 06:09:58,0x71e65299dd9b602219363b193ca0af8be2ce7390ecce4e46f9868527fdc47357
0x4341a26f8b32a6f79572351faa4ec91964cf63eb,2021-09-29 06:15:37,0x0c0770ab0422b2c27d5cb02593ffdb3f3b48dc5f9709726809c6d56ebf7a4021
0x307d49a289df36023240dfa6746fd8c181c2971c,2021-10-30 04:42:26,0xef6e1ee1ed82bec229a90890fe2d7f339384fce67638177d8593a1ec1fc3972e
0x45969104ef4561cee269b334d8cb7a99206a09e5,2021-10-08 15:22:14,0xde65d5f10dff69240d7aa0728d157921ee226a570b860eff7eac0ef2ed46a7d2
0x07ce97eb3f375901d26ec1e32144292318839802,2021-10-26 03:59:35,0x7c2bf06792fa0940657a2d110153c48675f95c5a718bb4dcb6529adab874461a
0xc1729854837578dc867c6d644304407f0ebc5a3d,2021-10-30 04:35:32,0x8759098cc4e8f42d168b56d13641b50742035142eaf387d5578734a8b3a73ebf
0x40be56e2f36a0d8ca6eccfe30e17d9a511ec4b22,2021-10-12 23:07:38,0x6c8b6f3a5509a8b0949aed249afb631ee9f78af1caed2f4a30c626d02218e58e
0x46fc3af3a47792ca3ed06fdf3d657145a675a8d8,2021-10-24 02:23:34,0x205017f94d07432728e056ae52dcee82141cc894d7de14933a20d9194f6d9882
0x91f8490ec27cbb1b2faedd29c2ec23011d7355fb,2021-09-14 22:10:36,0x7519188a7964884f33ce597e60df5d5e8f2e8e8f837b8cd48f73acc054b9d3dd
0x2935cd347b79c319a6464fe3b1087170f142418c,2021-09-29 06:06:41,0x94c57bde53f03148a30cda1a78c961eaeceba889eb1e43e631236368e05c0738
0xe405de8f52ba7559f9df3c368500b6e6ae6cee49,2021-07-28 17:25:05,0xfcc0e245484f8002a5a82d941fc306f3ce033af5ffbe93bdfd076a17fa62929d
0x11799622f4d98a24514011e8527b969f7488ef47,2021-08-06 08:24:24,0x0d0d7c253fea23bcf013240fa3fbc112eb15c4b6b5a33211156e2c5fa088250c
0x6650478b63d7388c515c747d81d013aecdf861ed,2021-08-16 20:57:22,0x19c901d2b234acdfedcac318f5cba098d18a83212c9b8266492fce6372831bc3
0x0b3a73ee0740b3130e40b2a6b5aaf59e7e3ef74c,,
0xb9c6ca25452e7f6d0d3340ce1e9b573421afc2ee,,
0xd85eafa37734e4ad237c3a3443d64dc94ae998e7,,
0x76d2de36936005a0182a1bb61da501a8a044d477,,
0x7af4e1ce484f40d927b9c90fb6905df4376fc3f6,2021-08-21 07:21:49,0xa1c5c1a21a0d8cdd8c05f183b26f3ebf6c844833e7d4b5d29c8be2d224cff8f5
0xe34af32082aa2be75f0a80dc179d597e852af6a1,2021-10-08 01:58:26,0x85402b1f5d2ae9dd6ac6e39bf7a6ad7806a84d9432e4a77c9dff947a5eb0a05f
0x5030ba8a08bb5ac11567e4e8e129285abd298b4e,2021-10-12 23:07:38,0x470c0d2f7ad1dae18a581afce8ebabdd7f3170d3e6cbbe9af281e8c04f419f3a
0x83f6244bd87662118d96d9a6d44f09dfff14b30e,2021-10-12 23:12:41,0xdc742709958b2790a74abb9637c1ece0cf71feb2abeced0ec1e19602ac5b0136
0x58b453f01966cee805ce12f9b2138e7b0c46ce99,2021-10-12 21:06:52,0xb1103d422ce18fa10d5f8e731633338356fc519aa306b333ad3e992849b5acfc
0x8377b25b8564f6be579865639776c5082cb37163,,
0xd12a749e2ff15e66e095d0bfd3ce680756f36379,,
0xe118737eb5f931fceb663facd3234b4169ac638a,2021-07-28 17:25:05,0xa215c1b3dc627f282f0e9c44ba79aa121850f1abf05acfd483d4623f7dc749ac
0xb753548f6e010e7e680ba186f9ca1bdab2e90cf2,2021-07-08 19:31:10,0x45735463d2bdd562ece76043b6c186a4740ab97d1b099423987305e287641fe2
0xb27308f9f90d607463bb33ea1bebb41c27ce5ab6,2021-07-08 19:36:51,0x91155c33c9c26a2bc4d17c3af485bf3b4c70e5b4aaa10ea93ce2b2df7a8ed6ad
0xe592427a0aece92de3edee1f18e0157c05861564,2021-07-08 19:36:51,0xef2439f9639c2b9ea8cb9c6893b7173ac5af42d517748e0223e5842377ae2cd2
0x25e1c58040f27ecf20bbd4ca83a09290326896b3,2021-07-21 16:36:50,0xddae923e6aa8648593b8e04fdf82f7354cdec5b7b98da8b5975c9f945c97ad2e
0x2f536756636abf29e860717a10867860802aece7,2021-08-16 19:51:03,0x6014f3eb2e7d55c01488a17943ab8c317c46a4e5c1d276eaff90bda2ca3409b7
0x2057c8ecb70afd7bee667d76b4cd373a325b1a20,2021-08-21 20:38:49,0x5e3d34d3d5d500af7d929f54652405401f10ac64a7965c04c3599b54e7282cd1
0x121c7eaf4af34e075136bf5c549bdd0ad40040ec,2021-08-21 07:18:47,0x7be0937f717d609f94115739ef90710214b44ff3d6cb0cc85638f3c949c03793
0x9f2f5d3ca640c5dae82a208d4ac8a9725372a99c,2021-09-22 01:04:12,0x84ae3acb99ca4cad061486d4fae345d037ce10bd0c9a092297bfe4b238fa00d0
0x28b973a46526d37859bf3069877ad2c6944a1133,2021-09-29 06:09:07,0xe056c64bb23830f52acc74016b6444b19b06a1eabc19001a11063ee885c1c51b
0x80476cdf9b4ef645c5328ee097551c6c3e1e2698,2021-10-28 23:48:27,0x90dba26c12b601f7c967f1973046214a2662b430d1a6083ff0e6f79b53533ab1
0x47649022380d182da8010ae5d257fea4227b21ff,,
0x7fb688ccf682d58f86d7e38e03f9d22e7705448b,2021-08-28 11:11:19,0xfd463b68d683534565db5a22ebb17158d4c2d47b4e0711df13e097975eff20dd
0x1f80f640a9d53d8cc339b1314061b6d14a24c78c,2021-10-30 04:35:32,0x32c5f6f5d180b49b0f0efc80ee2c8e849a554b4a41232e6cea4e4ab0db54dcc5
0x9c8841cee9fb7b0991c43f50a749c942360ab234,2021-08-18 22:37:33,0x94a2f14dc0b3ef2acc088a33aeb3f1ab09f286f9312275bf9d4671d38c68c8fb
0xb9cb710886ff4e703c17debb6a9ceea7cb44ad73,2021-08-16 20:38:05,0x1927d9b8d82a0c207899bcba0d123a838b0607817ab6c1182c0540d07867642b
0x3666f603cc164936c1b87e207f36beba4ac5f18a,2021-08-19 01:02:11,0x151146014ad7507cec9d2f926b100e362466323c92408417b25ccaf87a535b39
0x3c0ffaca566fccfd9cc95139fef6cba143795963,2021-08-21 20:22:40,0xd77c272a9d4e9150cdc2ae1c1aa44179450a245cded10a15c2773dddaf4c2681
0xa81d244a1814468c734e5b4101f7b9c0c577a8fc,2021-08-21 20:22:40,0x6cff5871bf9a0f468b36856bc1ca5165b1acbebf0884ac9945dd0b88ac982504
0x579f3d41c6c9ea61001a960f475683c021dfd571,2021-09-14 22:11:18,0x8e6f8796431f5925a76ea1daaff27bb55c5b8d3a729372bbb4cad4894fb3e2b8
0x48a157f01ccf4bf24d42185cbcd9fc0c376292f0,2021-09-29 06:15:13,0x982d9990e6760acbc4fc7c9ac59df1a50c7fbe2c67346c555f67f6d38b80573a
0x43a24bf6aae1f8fe86528c13a5236153172a6863,2021-09-14 22:10:14,0x562ff8b93ebf93034d87aff26b62aa9e86be7436bcf0f1fd8c33649263430243
0x3aa637d6853f1d9a9354fe4301ab852a88b237e7,2021-09-14 22:11:18,0x268756a74c690b8478605005c2c5ec5029600880d0adce33452d8cd19fc6d6bc
0x544500113c92d49beb8f17e144c2c9e5b8226bc9,2021-09-22 01:00:43,0x49650b74154815c0c6f2730c3472733b10ca5e510f009b3f1ca5e94142c863cf
0x74d6b50283ac1d651f9afdc33521e4c1e3332b78,2021-07-21 16:36:50,0x59bcea3b65ceb58603c46d2f37bc38f7573bfbc3a159369d28ca1b4daf4337d7
0xe0e112e8f33d3f437d1f895cbb1a456836125952,2021-08-16 20:38:05,0x202a53c758c562041d39d7d2b5edd2805fca6096880783d41e21b6aed2a43490
0x5ee648e1485f586e5f2003b2c6c1f6959563be0e,2021-08-16 20:38:05,0x1e72b6d9ca45a2d1adf2082f74f04325aa2ec60f6abd8f31ab39ae8d11fdf4f2
0xb1fe5e2c1d5a3083955cdfb1ddd052a46edbec62,2021-08-16 20:57:22,0xa4abe91dd850feda808711401f478f2cfc3eb5b81255a2db5fef0a7b2f379a87
0x34e8251051687bff4ea23c18e466b3ed13492abd,2021-08-19 01:02:11,0x24f488bb3c59d6e6e489c5260eb316199907f73185a442de31a0aab1cbd91bd5
0xb276bc046dff5024d20a3947475ea20c9f08eb1f,2021-10-12 23:07:38,0xb7b481b95196f1ca8b9b4ef44fc4f63159a22bb7da5bfba07a76ae342e98adf0
0xa832293f2dce2f092182f17dd873ae06ad5fdbaf,2021-10-12 23:07:38,0xc787326213fcd6d3b3d0a134a67335e4aaa26cd107e56ce7d73294d9f97a23b2
0xe38faf9040c7f09958c638bbdb977083722c5156,2021-10-12 23:12:41,0x337507cea0339288c9c7f6a917ecb99f36e3bd39c18bf7de37f2f48d6ab4a208
0x85449453bcc9b02460de1040d34d10eccfcfb6e5,2021-10-28 23:36:20,0xabc1fdaf92f35c8054c40418ed44bf1847c8fa983d4761b9877a8a24201bab23
0xbfd8137f7d1516d3ea5ca83523914859ec47f573,2021-07-08 19:36:51,0x4ec63f2af6458797ca06a1ed2d23bddada4e002ab16a326470e84673951721bd
0x588e1f339910c21c7e4864048e37017aaff4cbc6,2021-07-21 16:34:25,0x3e65bb076e618d2749b9e2c4abd9008f158efd7f3a8a697af0a445f01e30452b
0x1f6d98638eee9f689684767c3021230dd68df419,2021-09-29 06:01:53,0xfcd6164e7b8b2c1d3bb406bd47fb5ccd8979144127b4e4ce033dcd3035451d31
0xd063875762e760ee787b11f6af624058b4841a5a,2021-08-18 23:23:23,0x609d0295b792202d4598a396a52db43b2a849ae6eb558d29446c9774f43bcc35
0x60daec2fc9d2e0de0577a5c708bcadba1458a833,2021-08-16 20:38:05,0xb738851f12f1de52379e3de3b98fc34bd30b5b6c4e26db97d068072c8ff369c4
0x467194771dae2967aef3ecbedd3bf9a310c76c65,2021-07-07 16:27:27,0xe322bb200940cb0a52cf4bf4524097c7d1dda69ea4e3f9661ebce8e1b4f40f93
0xad3dfa54004f0f5d296002bb091cac10eb8a4891,2021-07-21 16:36:01,0x776afad7a16204cfba4b6e1dbebb036fcee7e5de10edd2067e85b851c7768a9b
0xbd2657cf89f930f27ee1854ef4b389773df43b29,2021-10-28 22:31:31,0x645ee5d55816a25c27ec4b56b78541dbe71d0b7ba0b4fb1b63cc737fdca2b241
0xc8e91c926e04be1cb94e51c5379d14774d51ae6c,,
0x4a16a42407aa491564643e1dfc1fd50af29794ef,,
0x41140bf6498a36f2e44efd49f21dae3bbb7367c8,,
0x06c6d063896ac733673c4474e44d9268f2402a55,,
0xc0c66470e766ae2026e6695966c56c90741811aa,,
0x631e93a0fb06b5ec6d52c0a2d89a3f9672d6ba64,,
0x87b1481c82913301fc6c884ac266a7c430f92cfa,,
0x652d27c0f72771ce5c76fd400edd61b406ac6d97,2021-09-14 22:10:14,0x13635802c88e081a154abed5c57f63fdb73316b99d977d4f5912f368f3b1fb86
0x2935173357c010f8b56c8719a44f9fbdda90f67c,2021-08-18 22:09:10,0x3c0bb09f73c0996fef945e55fd52b361b1e6cdbd7c1d6bbb34b38d5a0b7b6e08
0x7571cc9895d8e997853b1e0a1521ebd8481aa186,2021-08-16 20:38:05,0xe8cb5f583724a66aa829e0d259878e2e16f5ea691f5adb8815073c5d90826cfd
0xcd84aac67830aac54ac85b9787898285ce9dcc01,2021-08-18 21:10:05,0x403817258ff2b13e2e464b8a2aa81f7e15cd0b7226aa8f467c6a37bef844a3e2
0xee6a57ec80ea46401049e92587e52f5ec1c24785,2021-07-08 19:36:51,0xf0776d455b74b0c2b544c675a9ab836784f674943491924d0b5df78ed35622fa
0x5c2048094baade483d0b1da85c3da6200a88a849,2021-10-13 18:34:25,0xb1bcc73a661066595e07d1cc9683aa2e2a14a4e5cf0dc7fafd4258e0f7cea1c7
0x132d8d4dd164039adcd5caf0f4815dfca4d4829c,2021-09-07 19:07:41,0x535395b0fdea4d89e8967f0037b244a3d4044b70deac1f5faba69d34d5788d2d
0x56900d66d74cb14e3c86895789901c9135c95b16,2021-09-14 22:16:31,0x31209cce4204b58cc90e8413d00881c561e253d6c2346b1672d5d6421c5155a8
0x0bdf40882560386b48811ce67ebf26b0fec582c3,2021-09-21 02:17:21,0x6fb410150cbf33f1e591bde2128de08614eb737959b7c0b8e3d8491685ffbf41
0x7c17611ed67d562d1f00ce82eebd39cb7b595472,2021-09-10 23:17:57,0x9fad29f49f0a5174b4c6f407b5915813ff1888041b375dab8cfabddf35968f46
0x3bfd91538abc560c0c6f42755fce2c714d13fb1a,2021-09-14 22:13:20,0xa44b3bd741c9fcf51755fe8a557d0d7b0da3f11ea51d7df2171c7e462f72acd3
0xa49600627d913b61714ff2a205fb1096f1bceab2,2021-09-14 22:16:31,0x93d8509ba3fe6992d13bef94f25fe0f553cd1c8b9ff7f9966d4f9feb90a2187f
0xd0df278f36778a5cce926b92ccc90b2bbbbfb3b3,2021-09-22 00:59:45,0xefc6a4ea31647a19d3f5dfc33c92474c6130a032b5031d4a568ac5a890b1ef3c
0x5d9187630e99dbce4bcab8733b76757f7f44aa2e,,
0x3204ac6f848e05557c6c7876e09059882e07962f,2021-08-16 19:18:41,0x9935af63f20ba97cab07e9e6a0d19dd23a495d99f8d2ce8e0b063e3e80d98d83
0xb25ae78d7aa405dad135a4241cae8b742e1f8bbb,2021-08-18 21:43:35,0x8bd6f873bb002c5fa3bf9cb06ebec76c76430d7f4e8e1135d9c24fc02cdd08d4
0xdead1cb30b3ca13cd67d1d6f4e2790d12484fdd8,2021-07-19 20:39:55,0x22bcf3f6eb3b2ee7751b7eb067a41392ae355d164f533c690e3486286a354c58
0x218067172e9e0460a883458d44bd1f56ea609502,,
0x5a528e35165e19f3392c9631243dd04d1229d324,,
0x8c6f28f2f1a3c87f0f938b96d27520d9751ec8d9,,
0xb3c68a491608952cb1257fc9909a537a0173b63b,2021-09-14 22:17:52,0x406259684682745fae3a5c6fd22aad59830b6248dd0f13c8b228cd90674d0fc3
0x71d75c3d100d14d4db0ce7a83d0de48ecec32d19,2021-09-21 14:31:21,0x59c0865c6a7ac602389730c70a1c3e62d9fca7d04888a28f3aa21e50ca58f4e4
0x0dec3173683e4b1e587d466fd0e3a8ad81a39a19,2021-09-29 06:22:34,0xb07d32082c34fd0d61b4608a77b008b0813892a4675d33926cc5eb67190ca0f8
0x28e847c9b94cd022285127187487aff3883bbf8b,2021-09-22 01:05:53,0xfa1bca748c6d057bb856948e00b2c80eaa3dab265f7de5c8e703620e7decf92a
0x0a3b7993030aee175f65ca146ecf697be4e6d1f1,2021-09-29 20:50:11,0xa522975735a410fd9280ead18bd757b4500d3c392fe6778c5d7d2d7aeb4c69de
0xbd72882120508518fcba2ae58e134ecead18d979,2021-08-18 23:23:23,0x6c409a742dda5b1a9d7ea30535ac7125811e437bc0b3f9c505fda1e46bf93fba
0x10541b07d8ad2647dc6cd67abd4c03575dade261,2021-08-19 01:02:11,0x6edeaaf032c30b5ebecaa410d9ff428a7a55fb9bcad9760abae99540036413d8
0x7f5c764cbc14f9669b88837ca1490cca17c31607,2021-08-10 11:35:59,0x5ef228bdd5c41c3ae00153ef5af1e66d153a9aaad44056bdaf829b9365247f39
0xc40f949f8a4e094d1b49a23ea9241d289b7b2819,2021-11-05 20:55:39,0x675bafeaa932613a6a53c056a943dae7c2a6ae67a832f2a50c627d15adc0562a
0x3749c4f034022c39ecaffaba182555d4508caccc,2021-09-14 22:10:14,0x7127986c50fc125259db4ad3da10ce85b7c7c3188628210e8b5219db56507cb1
0xfd5a186a7e8453eb867a360526c5d987a00acac2,2021-09-14 22:13:20,0xabdb37a9265ad87ea8c429ad01a955e793ac4af569a957b434b57255fc9f069b
0x24d95c34667b9199d036a7b4634d46dfd9308eee,2021-09-20 23:21:05,0xbe0a2640e616e479be4f1f76a6c292e89acefed2b62b82eb98fe4baa9751e8ad
0x0391ea10046ff83b3f6c0bbd450b95adc04e3faf,2021-09-22 01:00:43,0x55d5b72ef7ac5dff72b21a848c85c2c759a086a58adfefc9632ef4ea7b751dcb
0x9093f670c780d8d09a0c88d03d60aaa0b5a9e7a1,2021-09-29 06:09:58,0x2999e9f16f3684a0402448b1e4a5441542bc1706a2d024bafef5a853e243ca20
0x66ef90859982df25b6ab627f044910b04a60afc0,2021-08-16 19:18:41,0x9935af63f20ba97cab07e9e6a0d19dd23a495d99f8d2ce8e0b063e3e80d98d83
0xa0446d8804611944f1b527ecd37d7dcbe442caba,2021-08-06 08:47:53,0x0e229058924b10eefc149a0bc460f9670eb6dad100cfa9320cf168e84df61aae
0xb87ac009f61fa214f196e232fd14a6f8ae422fa1,2021-08-18 22:09:10,0xed5022613594e5c2598312c655ce22621be6e7c268bbf3d487bddc43337e5158
0x3d97284b05b1f5d5ace373eb9d94175a0cea10d9,2021-08-18 21:05:48,0x6caab6d9b3adb38250231d385089600b6a0d7fab51eded469156fa06bb379e20
0x7957ac0b737c40227ae6e98bf746aae84a26053c,2021-08-21 07:17:56,0xd5c058afe711d233f73d9ba4c22b094f9ab2904fb8d735772006efd0a93bea17
0x78aaa3fb165decaa729dfe3cf0e97ab6fcf484da,2021-10-28 22:31:31,0xe90cb653bbde975b0903fb28a638d9a8d8a5d6daa7a97be88729367a2b1e42b6
0x12be2392a712d58e8fef808da53c8caf1c5ec570,2021-09-29 06:21:22,0xcfe6a4c90932ee34485b7b5dff7e13fd0f070e1ea8047e363fde564b90723886
0x3ce72e21ffe5607d1d54780090e293888d28b7e4,2021-09-22 01:05:53,0x61330b268e23ea7d0cfa4ab403325b49605875971347164823aa6a5e5ef66e69
0xebce9728e2fddc26c9f4b00df5180bdc5e184953,2021-10-12 21:06:52,0x9eaa10bde5138f0b3fd070f3d31fbc8a8a87258109fa016cc2140c5e57f02e4a
0x3ef4265a40fb5581e65d69fc7a978904fa50a5ee,2021-10-28 22:25:32,0xfa56bd0c70945ab0d1b167215383fd04b50f8422ac7578fd2f8500b974c64667
0x2dcad1a019fba8301b77810ae14007cc88ed004b,,
0x92bac115d89ca17fd02ed9357ceca32842acb4c2,,
0x47ee58801c1ac44e54ff2651ae50525c5cfc66d0,,
0x4b95e110178d51ef406c225462748a3f739d99da,2021-09-14 22:10:36,0xbae48ae3a74a1cd9de1692c7f91993737a2048a55bd8d4a96d66a7eb34845e98
0xbbaa63be0e3feacb3a3798cb101962b8608fca99,2021-09-29 06:05:33,0x34fe061e8c72bafb52a6d5003804e6731105f55f3f933983afae9e01752b974d
0x0a68e15f8e289b9f1ad1bcad524fea30c6125c2d,2021-10-30 04:40:47,0x94dd4deab413ce2bd6d9cb1947fddaa3c35e6865272165ad457cdbae10e75991
0x0ea0902950aa58b19ed1876901b843cd2f85a8e9,2021-10-12 21:06:52,0xc9370b0a3c047a6e6bbbf3211d7dc1486c1d38bde7dec1fe17b5378fda8535fa
0x1cb059b7e74fd21665968c908806143e744d5f30,,
0xee4f7b6c39e7e87af01fb9e4cee0c893ff4d63f2,2021-08-06 10:34:24,0xcfbcd5b15b9d274bd65b621f868713a00010ae20d3d5b25bdafb8d4f681d7dba
0xc8a4fb931e8d77df8497790381ca7d228e68a41b,2021-08-18 22:37:33,0xd03f10eca6cdaccdb2644420a065c8c05b066cd623b413a7ce124947fa195575
0xa969beb73d918f6100163cd0fba3c586c269bee1,2021-07-21 16:36:50,0x5bde381e038ffa787865407f7737c5a5c96822ed1982facd835b67977ce1d718
0x4200000000000000000000000000000000000006,,
0xcbb852a6274e03fa00fb4895de0463f66df27a11,2021-08-18 22:34:57,0x0220ec77ed020f2c83388dc3a7205d62745f928f5345027caa4fda4a731ffb56
0xe0552962fa95ff0e9d4f765122f7784ff9244f2a,2021-09-14 22:15:35,0x1a99726bcf996c72858cc68a905d6103b3e334c2b05c4bf02f8b254989737897
0xb04095d45a98dbda07564d124b3cdb7f0d88c696,2021-09-21 02:02:00,0x7d402125ee2e592d203499206f9b48bba27ccc97ebeef429471287191cc2893b
0x8e9c516c202277d47ccd33aceb081b90be2fd5dc,2021-09-29 06:06:41,0x22109422af24123febf263bf949eca5cddb1e7ee4e65986acc022a9a480a86f0
0x1747af10729235a23471a1f637f8ce8d17e32786,2021-10-12 23:07:38,0x9de0e0079d75347845f3641d2ed6a785829692f4b946f849a9e1b03132ac1e59
0xe62190f3d80693c95181a5d2adb6a5372f5a41f7,2021-10-12 23:07:38,0xde9fece089e4d23b313f3b7b4d5c62b14afab453659a4a5fbf9da76e2b47b7c6
0xff4287311138ad3bd051f84524b2ea3a682944a5,2021-10-12 21:03:08,0xb45b1bb22fc0a0abb33a4ff5d8c46c95379ed89a09d077918607d2de963ccc22
0x01f8c5e421172b67cc14b7f5f369cfb10de0acd4,2021-10-28 22:25:32,0x632070ec15d916c2b6f0c075606abfc1f64c0d90bb656c78b93709ac24e94504
0x0142f40c25ce1f1177ed131101fa19217396cb88,,
0x95a6a3f44a70172e7d50a9e28c85dfd712756b8c,,
0xcb4ceefce514b2d910d3ac529076d18e3add3775,2021-08-18 22:09:10,0x6fa28240fb8594baeb5b2008be530a8bcabc0f75da8eab3b7f99fc3bdd47a697
0x8f69ee043d52161fd29137aedf63f5e70cd504d5,2021-09-02 22:21:58,0x14cae4f351d34b1d71c1980aed92610e2e8a9b6e2d438a804a802804f965361a
0x88163e555bd417dcc60ec3ceb93c239088fb4a13,2021-09-21 01:56:32,0x022a95845ab7c5e1b104d33e5e6395e19acbf7d1c05f53592d3b27d0fffa75d2
0xffbd695bf246c514110f5dae3fa88b8c2f42c411,2021-09-29 20:50:11,0x7f59c8f1d244cebcbcb509ee8bfdd1a09fff92a795bfbf67de8474fa2e20f506
0x3af0f8b1c001a2d1582eba62254ec84c432f6d81,2021-09-29 21:00:20,0x4ed47ddf9359fe27f66662f352f15638d14ccdd09226dbae8154d5de6315de2e
0x36ab8de9f177b70fbdbc4050e47d0d578adf3cfe,2021-09-29 06:13:53,0x7e9295afa641f3771ac26e88e69d185aace3c4af0e82308185574ff1f42e7f1e
0xe1f47188168837485527a5b44e7fa7ca55f29c65,2021-10-12 21:05:42,0x19681946fd6911c78f6b1d6d0fe48e809f7f91baa956c7b93e9d0f99f20d9a66
0x47b5bb79f06f06db3d77c6cc4db1ad6e84faf1f4,2021-10-30 04:35:32,0x17619a77e3d19456a5d0ddd21b21f29b901849bb5a8a7b5c7d8eefe2c949173f
0xc5db22719a06418028a40a9b5e9a7c02959d0d08,2021-07-28 17:28:28,0x86528ccdac596836944c62d44b61cf49a013d5e34bdd64e4cfe5dc322fbcb8ec
0xe318e4618e5684668992935d7231cb837a44e670,,
0x54581a23f62d147ac76d454f0b3ef77f9d766058,,
0x8be60b5031c0686e48a079c81822173bfa1268da,,
0xef76986ca7c07e43894ee93bd89e5ae5c5df9904,2021-09-15 17:13:59,0xe3b92fc88d2cdc2be5bb052e0a0fe287ee51a5f9a57a0de0856ed784a40445a9
0x017a2f9ca9adb018fc4e06016e4f69a46dbabece,2021-09-22 01:04:12,0x1a10e8a250992a00212483ff1000b430d0177e395c1a7b7dd0e3b4ca5cdfde93
0xf6a47b24e80d12ac7d3b5cef67b912bcd3377333,2021-09-29 21:07:32,0x2f65baa03f7a3bf2ec944df86a5fc7db6d98bb61a18b11b1ae448f352d0f6143
0x3856c594d35a24f7435731f9f5d7835887f0b94b,2021-09-29 05:56:12,0x9bb65616b2f4cef013e25521ad9bf9b1138f124299444b35e2651bc4a6011468
0xe26a18b00e4827ed86bc136b2c1e95d5ae115edd,2021-08-06 10:42:58,0xce805386aade9f3b2c9a627ee2d19d16acc772dfb5e9d8e20d5e74415cf6df48
0x76b22b8c1079a44f1211d867d68b1eda76a635a7,2021-08-21 20:22:40,0x8887675e902d2a660fe10be91b3a9b808c7c0d053c6908a6aae587d78581d2dc
0x46ae9bab8cea96610807a275ebd36f8e916b5c61,2021-08-21 20:38:49,0x65717539745a49ddcd5966a4be415565511f2e027118a45a915448d0dfde75b9
0x971dc14055cbc313a536f9ffd048e07530bd75df,2021-07-20 17:44:30,0x2703a1f312bf4ca74b375819a7f02c197a572fcbf90b5f148bd9001b192d2820
0x03863f6ad36f1fcd908517e3c56c6b3fd3f50752,2021-07-21 16:29:11,0x0ff1c7a3f1a79a6a1dff497ed28a35e567b64252073c7a88ea22b2a08a4848c1
0x2e4a187732166a0282e52527b931c96146ac7c58,2021-07-21 16:29:11,0x0ff1c7a3f1a79a6a1dff497ed28a35e567b64252073c7a88ea22b2a08a4848c1
0xc08db5823a7c1dc8fe9894f51a05799f1262bac0,2021-10-28 22:25:32,0xebb5371d27e36522fdda7ff55d40e3184f072c2d5a80a1d5aed7c44b32972036
0xbecc58c6d7ca71b6fcc4cc8c9c5294a0ea7a0397,,
0xe0bb0d3de8c10976511e5030ca403dbf4c25165b,2021-09-06 14:42:51,0x5cb2a47186ce6ac88dda5ac1ce69ea6fe438600adfc07282f952ea641962b0b3
0x788843de0be1598155bffaab7cfa2ecbd542e7f1,2021-10-30 04:35:32,0x0c26acd2799d88c1fc17114c8a7ee39a0fa79d403cde94cb17bda6e518a466dd
0x644e589fd7d6aec00ddc4212d17d4d71ce947b8a,2021-10-30 04:42:26,0xf4eab8da7902f4ec56286972a98fab53009171574806a5c627024c27289e4b25
0x1a094457f83da71bf223bfa49e7fa67839285905,2021-10-28 22:25:32,0xf9f70bd0c4b14e5eae80b678f2a3c5e5003195b693fad4f88d31cbd831094b82
0x8f3f6943122eff49e15c39fe713debaa5f3d551b,2021-08-18 21:43:35,0x557512aefc672bcd53f2884b8601ab13dfb2356cd35349473675b633bc4141e9
0x4dfa40fdaa7694676899f8887a45603922609af4,2021-08-17 06:53:39,0x714385fe462b328f4edde7c02d75b0de9df9441bab3adba0258616674ef55d6d
0xca164e6cac5734f47b52aefdd3b75c0027781ace,2021-08-18 21:05:48,0x5d15ba275d6eb2059f4bed41580633c8821a0de37b1d4c234ed42addc0d12799
0x0a99c0643b00fcd5fcd16c46e4efebff650b5ea1,2021-08-21 07:18:47,0x5e4b30946cd75769d4b65737b444f97dfff350adaa405549e16cbd7c93540f86
0x91ae842a5ffd8d12023116943e72a606179294f3,2021-07-08 19:36:51,0x4c661b1bb8967361ea12d0172ff955698d2636095ac0327d00506999eb23689d
0x588abc030b08819c4c284189ce269a8fb4efe439,2021-08-01 03:22:01,0xd277849d0900b2d950cbe9c5c5593ec3a466b1da55d56c49398c51c439248698
0x2e17b8193566345a2dd467183526dedc42d2d5a8,2021-08-23 19:56:46,0x514c12ae353bbb10ca8115751de96b32a8bd1c894a815e6848ad99116398a6fe
0x7a2cf54897345b5f6a9006e2da19b3739c4f5dce,2021-08-16 20:38:05,0xdcbed6f4d7867a9c0b68173d006385920e227e576c99b9c5085b568c16d17b0a
0x6c38fa757ae486884262b717e8564608be9c1250,2021-08-18 21:05:48,0xfae7b32afaeea8608cbd00dfd9c53ecf2bea3a86950cdf81f84d2264de9c8585
0x314ec4beaa694264746e1ae324a5edb913a6f7c6,2021-08-18 21:05:48,0x4e219f424832909e8aceb6890119f1b50b9402a1c04a7f001a112ed7e4de72df
0x932607335869cff6349ef450e74c83a3b871a9ff,2021-08-21 07:13:22,0xfc3cc38a235e15481925d002968fbe39b6d8a541b1f3ae7f0b0274982429f4db
0x7aa3c554500e562d0ab26d756473d201e9051dfd,2021-09-14 22:06:40,0x098ed2aac37791c1892ceb2a30e8486fff3dff9af4441fc561756f8166a5440d
0xb9a9c5229f2a68886b5baac0cffb418586c92ee2,2021-09-14 22:06:40,0x2b21a58ded73ac65643d3185dbf1431fdbd5babaad595d46ed92022b178adc57
0x585a72ccecde68ddfe5327b23134723a305d70f3,2021-09-29 06:20:51,0x034ee0aa795dd845af63ea083271d72e1a019a893c7085f490ca34cc8f965fee
0x96e91f8dafc58975025dd6163a41eb593e6e2c62,2021-09-29 06:21:22,0xdbdf2c7d0add7d08b3dc32c9966216194e996cd48d060bb5c9130c4c59933d7a
0x2a11a98e2fcf4674f30934b5166645fe6ca35f56,2021-10-24 02:23:34,0x14c06be79279ac51be6c1092846cacb0ecd31d44b3c44679293b3c68d87cae17
0x388dd240bffa4047d85d1d6f3dc814c054217a23,2021-07-28 17:28:28,0x2add92c6c9d9b5fe569d2a4b11b105e5dca938852e2533339818d330830b663c
0xc326371d4d866c6ff522e69298e36fe75797d358,2021-07-21 16:36:01,0xa930f20f16bb5e9aebdec216289638a76ae298a2a04f782f05c3cf4573632417
0x2a23bc0ea97a89abd91214e8e4d20f02fe14743f,,
0xb9b8e48493ff5db0d862a670c2f6988e2be8f30e,2021-09-14 22:16:31,0xff4abed07aca04ffa3944617e024a126b7623ad7d8d4b56ec5876a42081c1e7b
0x07b9631c072aa7c0be3287ed6eaee4638c235092,2021-10-12 23:07:38,0x366c5ca7ad088169c3ed2fdb6e43d760e1acf3c9c08646ee0f492f573cd7be53
0x932e24fd4f52ad8c1d977524f77211c882e1f891,2021-10-24 02:23:34,0xb9b70db4d6377ae3a0d118f5fe5d304edfd4ce77a7276d48cda2bedb35d1e6c9
0x074edcbabee9cb019d217c158ab4e92c1cd7caf0,2021-08-21 07:13:22,0xfc3cc38a235e15481925d002968fbe39b6d8a541b1f3ae7f0b0274982429f4db
0x138ce40d675f9a23e4d6127a8600308cf7a93381,2021-09-07 05:59:50,0x3ec78c9fb66f23be2884ad7d4565bc5df67ea90a26b209c0e9d2b46e2087da4a
0x69b4b35504a8c1d6179fef7addcdb37a8c663bc9,2021-09-29 06:15:37,0xe613be3ad570ab678686e107bf92c22e92981449a823351871a7a72b3fd8e68f
0xf34542369b4d39968a27307f76621ba802deb05a,2021-09-29 06:01:53,0x05bade869a68227593ca96b37734754bde1c7c1177d206dc6ffafa32eb791800
0x39a023fde14d44c01bcb43993b3a51117174f336,2021-09-29 06:05:33,0x2fcc1886e9e8af5f3e4f1b7d5a0302885d86d1d52a8e3d0692d55949fa551eba
0xe7c1d08ac706444f356af2d37541d8d57e8c57b6,2021-10-12 23:07:38,0xd85d0143fd34514908aaf752ecc7bcfb9298a59ed51e2f7318205233784f5ca5
0x30e344c8f517becaeed04245ced2e7301f06f21b,2021-10-12 23:12:41,0x3ace4d7cbda403ad76fcfb5087fbd965f3263073b425c49bef4ce91866856344
0xeb5f29afaaa3f44eca8559c3e8173003060e919f,2021-10-15 17:22:04,0xe46f90a74d272b6b9ae329bbc8ee7f272b397ebe0f482e6d12da1528f024a82a
0xf753a50fc755c6622bbcaa0f59f0522f264f006e,2021-08-23 19:56:46,0xbbae03c377efc65596ed0c212128ad9dd663d24a3a44d900579748523a09e521
0x5191929e07af53d466b6f686aea26c44358b9af9,2021-08-21 07:25:36,0x225bc22b8f045f9fcb467121c857ad7896bac12e1d4e6a3aed03d2809bf4fb57
0xb548f63d4405466b36c0c0ac3318a22fdcec711a,2021-07-31 17:55:35,0xab3851c0cf53268ec2d583d30531f975b249f5c7a223bcc2141a6a2d8e977c0c
0x1f98431c8ad98523631ae4a59f267346ea31f984,2021-07-08 19:31:10,0x532212f323db054b35688a60fb8811d27e80d111dee4118f5a4adb7a35f7d917
0xcdb7d0a946223255d39a6e29b54f08f3291cc118,,
0x5287d03553e736c732bc71b20248954f2e70f714,2021-10-30 04:35:32,0xaab6893f262650c5839f33169f8a19b837563e64bc12825ecaa0573066e2eef4
0xa492d3596e8391e376d4f5a5cba5c077b890b094,2021-10-24 02:23:34,0x360896e692aa01168a679d309ee3fdff12cbc7f75179d0163bbcd72b97b4b0c2
0xb1ea9fed58a317f81eeefc18715dd323fdef45c4,2021-10-24 02:23:34,0x725730219702987aafc7748031b8bfc5c97311baebf372a5bea33e894adca6ca
0xe3c332a5dce0e1d9bc2cc72a68437790570c28a4,2021-08-12 12:17:38,0xeab93153642ccf1f0202157b85ececddc307d5908de85679ecad7db1136d3c71
0x0f85a912448279111694f4ba4f85dc641c54b594,2021-08-17 06:36:34,0xefb14955b775079734a53f11ae7d0948e74293a8c1d253b722cf6961f70f16fe
0x325d4217c73872bc9f4693d756d6a78c1c82796a,2021-08-21 07:16:31,0x4143646b39ffd902a54b9171c7e87f079a345dd2bcfb297645f5c7b0fb88b566
0x49094a1b3463c4e2e82ca41b8e6a023bdd6e222f,2021-09-14 22:13:20,0xe884ad42a5b5e4982f22b6be1d6c18f61a984303c971f9a6551dcd8ac675d2f5
0x160bd2517460245dc6532023c275a776c12391e0,2021-09-22 01:00:43,0xbef6003e48580875e8c6ca207f1562277105380538490d0453fbe9e284c16f11
0x518460b1d3859e3397a5312b89d594f3cbd3767d,2021-08-16 20:57:22,0x02a32077f891365f01fd0fd10e42a6eb8484133205b5aaad5dafb0d738f5adde
0xe22d2bedb3eca35e6397e0c6d62857094aa26f52,2021-08-19 01:02:11,0x9e7e8bdc7494907db29533fb443aba29713575ecb042c695c94404dd0c94d143
0x067cceaf99b0eb154deacbaa852c21ddb19f2f7f,2021-08-21 20:38:49,0x1837aae460b2d2589def89bef468141d37a07dd6cb93b7b4417e6dc2356c5749
0x000a2c01f114b89952749359922d85e27edda38d,2021-08-21 07:24:41,0x671a4a0066ed23b58700585a55adef0973e11b73e236be1c6610a59c2f62f961
0x22c39ce1c3a49224aea6d8c2aaa0019828e1b5e4,2021-10-30 04:40:47,0x541240f51164a4f355779fdcb7791d2e41a6d919a05ce2a3b902fb849b9d75a9
0xaa30d6bba6285d0585722e2440ff89e23ef68864,2021-10-12 23:12:41,0x0eb900f191ae36fcbada0e8e5a7a55f1838202ea1eba52e64f13c9da0ce80922
0xc53e9375a77bd98eb0068559bc56c8d6cea254fa,2021-10-12 21:03:08,0x50b3b9666396b086f730e9c8268bb2cdceef159b838bed834cdd5df013262f47
0xec3665f7e696b0ad0d04ae5161b18782d48cd1fd,2021-07-28 17:25:05,0x057f84ce17e5fde247ba588ff77e2636dab5bcd4834975e75ed94046fb7d7d9f
0x2e985acd6c8fa033a4c5209b0140940e24da7c5c,2021-07-27 10:18:02,0xfb3e4bd47605e522b8d67e954339de26695eb21f163753f4cfeb0c08163f327d
0x5fee5e73ddc6c0176acf542c225591c8d3e1ebc1,2021-07-20 17:39:10,0x4c43601be3f36bee45f827a471d73389694bbd96538c6c88ca0cd5b4094eff55
0xff21e82a4bc305bce591530a68628192b5b6b6fd,2021-08-21 20:22:40,0x2d827656769836551da2cc1cd67b008bb826f4e8c51a79d19e1d5a470a87a5f7
0x7d269d3e0d61a05a0ba976b7dbf8805bf844af3f,2021-08-21 20:38:49,0xdb8feabd764ddab6eaa56a1569a30236584ea6ce93a71f2e3bcbb9dd04c84786
0x7ef87c14f50cffe2e73d2c87916c3128c56593a8,,
0x8454190c164e52664af2c9c24ab58c4e14d6bbe4,,
0x8700daec35af8ff88c16bdf0418774cb3d7599b4,,
0x71d838995f8a97f636cbfdcd8de94b30d2bd4760,,
0x14e6f8e6da00a32c069b11b64e48ea1fef2361d4,,
0xd32138018210eda0028240638f35b70ecc0d8c22,,
0x357b58e0b1be9d8a944380048fa1080c57c7a362,,
0x4d7186818dabfe88bd80421656bbd07dffc979cc,,
0x02f7fb66b55e6ca476d126d96f14c5732eeb4363,,
0x7a512d3609211e719737e82c7bb7271ec05da70d,2021-08-16 19:22:48,0x86b0128d62ada9343226e358dc2353c1eaee60307ce4ae25187f1806d3bf5c3a
0x25d8039bb044dc227f741a9e381ca4ceae2e6ae8,2021-08-21 20:22:40,0x5200d834d5d3206673426d493aac4d4d6014d822489200018563835748ce8489
0x89a220e4d5cb1f300ce8de2dd9183c8fa9074695,2021-08-21 07:23:18,0x6144edd686596e6ee0bce8ea3bee45abeccd429e4aae414ab73be124b824823f
0x441c2841acc46db0b2c06c022c4db97a6b205312,2021-08-25 21:41:19,0xb2896b7c33a07c7e52d96ad958ec35e1b49e159e6d00fff06d23100a61ba9b38
0x841ce48f9446c8e281d3f1444cb859b4a6d0738c,2021-08-27 06:50:23,0x293c6ca3efdde5ba6010f14ecc3fb2a7fe6dfa5239c5adc19392de338a58ce5c
0x6f1ee829627c8a544cb3e7ab296de386245c14a3,2021-07-28 17:28:28,0xd6ea02458811a2710cb371338fbc8d2959885e875c458b475e6424bfe93de872
0xfc5764960a504b6033d5aa7f180899b6dfa66a33,2021-09-22 01:04:12,0xf74fa77d91bcf4cf22161a076b32a9180cf5462a5bd8222c19379d26894a3350
0xa5a20f41f367a7ed71d7a617a708de965cc80db5,2021-09-29 06:15:13,0xe9a1ad6b134f83d736a5644f87e57d6c485433e54c4849e2af9fc76390f6050e
0xfb1951b7eef8e7613d3b09424fb4aef805c16267,2021-09-29 06:06:41,0x5b5066e34c560c7494194d76eecef612d372d4957149569e8ba1f31166d93992
0xd21969a86ce5c41aab2d492a0f802aa3e015cd9a,2021-10-12 21:06:52,0x7f9b991d0e39d9d4acb97e97dd8e030d69d0c54fc98f3eb81bd0c9c08ac20e83
0x7191061d5d4c60f598214cc6913502184baddf18,2021-09-14 22:17:52,0x80fb3bd7f5b5eeb8c17ddccb82429120536f6334430bf3f0dec4a6fc064b2e44
0x11111112542d85b3ef69ae05771c2dccff4faa26,2021-08-06 10:34:24,0xcfbcd5b15b9d274bd65b621f868713a00010ae20d3d5b25bdafb8d4f681d7dba
0x0e0e3d2c5c292161999474247956ef542cabf8dd,2021-08-19 01:02:11,0x9414da3ba03dedcb4109cc7c30717bdc14e9454d378318aa7c0a32fcd4686ca4
0x5da345c942cf804b306d552d343f92b69160b5df,2021-08-19 15:29:00,0x8811da4605ba21d357473dc695d8cfc27b9b36f56dc629f9bb11641f22c0e60a
0x11b6b63515ab0d04a4b28a316486820cf5012ddf,2021-08-26 17:19:57,0x3e8cf8dc409c1c8247596d3110f41abd01c15115c923cbc53c2df34432680318
0x43592bffcf14f1e0a096091e125f023b2ccc2525,2021-10-08 01:58:26,0xc6fb7096d18a3bd5d66fc9dd680b27f3fc509259a38f71c8bd16e4cba8ce1292
0x6c1d7b56a266752c611c022f4130e72952bf1327,2021-10-30 04:35:32,0x0e106e5aa08ae47934e7fe1e8fc0d01bd99fb08de9b796895fb4ee201d5f675e
0x53eef675a5838ba36780b1a20959c179e3a71a4b,2021-10-28 23:36:20,0x8933c80a27c2b6ead2398b52424825220be90656eb04cfa354388605417e6154
0xc36442b4a4522e871399cd717abdd847ab11fe88,2021-07-08 19:42:19,0x20d27c2a58428cfd05a9a18b0bbcc51686cc46824055357b4d76a714e6c1daaf
0x350a791bfc2c21f9ed5d10980dad2e2638ffa7f6,2021-07-19 20:39:55,0x22bcf3f6eb3b2ee7751b7eb067a41392ae355d164f533c690e3486286a354c58
0x6cff62290bfd77ce086863ad1137dfa9e2dfdf17,2021-09-14 22:06:18,0xd6bed2b274252a6cfe0cb5c9a8ceebae10520b2dd0d67e1a8c7712eb2ba8da0e
0xda7c0de432a9346bb6e96ac74e3b61a36d8a77eb,2021-09-14 22:06:40,0x49deaf316ce371b11cbdb6a659b673d67f232834ad45962fac934913dc300cd1
0x6d3c6f37b3f59098bd3652d8df7152b091b12521,2021-09-29 05:56:12,0xee07ed61e9c417c3119c9a8da310471496021468426bf05e9f0a2781ebbfe4c6
0xf54a551fc1223d91e766c519723f8f7af5ea9a2b,2021-09-29 05:56:12,0x92061f67fe414bfa0a31d1f7815fc1d0d203d57891f358264c492eb5a4820728
0x86f36d4873f1d338d1aa768c70a7a3ae83be8511,2021-10-12 21:06:52,0xf93c79f06cf9c1862c580fd59a0632142bee0cdc17d0ef7f4c05ba69607e4cd9
0xa997bd647aee62ef03b41e6fbfadab43d8e57535,2021-10-12 21:06:52,0x834046a0d1c1f1554f68fbec14625d6e4fd6a780a4e29d3808ed389cfa94abbe
0xba10526cd8742acc73aedef5f7dbb2477bf86922,2021-10-12 21:06:52,0xc961ada3875dfdcc001f990bd9589207b2fc948e24aac9523afbf2860e21f8fa
0x15e7d4972a3e477878a5867a47617122be2d1ff0,2021-10-12 21:06:52,0xde6a2ad50eb498c2e96e19e9d431f7eccaa2135541413d1fbf87c22cb02bce01
0xc7cfca47a1a233a81aee4bd329c43bae17a07c3d,2021-10-15 17:22:04,0xca8bbae73435aec943c014bea5f135f359fe6e416e94f4c12d136f6b497bcd4d
0xb0be5d911e3bd4ee2a8706cf1fac8d767a550497,2021-08-16 20:38:05,0xfc39360b0ba488c61b4c2ccc86b4b95eddea571bc8cd73c19a604b6254cbcf2f
0x9da925ebe0e341d06c7074856f49d46866d83762,2021-08-19 01:02:11,0xeba93ceed58764efd18d3f8da4c31c02b45dc69bb19f5c641d4871a49183d874
0x97d8a57471da7a29bee74b8feb6bdc0efa7d4d3f,2021-08-21 07:17:56,0x2c17dc8c07b1a400b80436f5af5a4f418dbe54a276a699ae3f7f079cd09c8a89
0x6fd9d7ad17242c41f7131d257212c54a0e816691,2021-08-01 10:24:39,0x50f979a0508aa2efd46f7e46aebe0c62e17adb2e7f1d51a72a18acfe26a1784d
0x0a6b1904369fe59e002ad0713ae89d4e3df5a7cf,2021-08-18 23:23:23,0x30d2e21a025f33d555bfa2d4c939f46e5a06b37f1da85e0650ec934fd932eb41
0x0ce6c85cf43553de10fc56ceca0aef6ff0dd444d,2021-08-18 23:23:23,0x13f982733a9e04df89f0e80b413eab68becd670eb475a5fa59d5540e0be9aa12
0x54431918cec22932fcf97e54769f4e00f646690f,2021-08-06 08:47:53,0xece82c5c8c43062b5b942a94c1e99b643bde798ad626b86f5a663f73a6841dad
0x11dee30e710b8d4a8630392781cc3c0046365d4c,2021-08-06 08:47:53,0x41673b89052e3070960d39ddff6a7928c76f5b1d8b202cec5210b4a9f117a78b
0xfe06fbe87e9f705b5d337d82df8fd812774974f9,2021-10-12 21:05:42,0xb753761be6160f9cb7a76dad50349c790afdf96e930b6064eec18283d3167edf
0xf33e7b48538c9d0480a48f3b5eef79026e2a28f6,2021-10-28 22:31:31,0x0c366cef28c9b06b75beef1959ba5c9035d4779c5fd6d7e28cc50d6b4f38c528
0x70b21b422dade467659522892a857f0ee31cebb4,,
0x22d63a26c730d49e5eab461e4f5de1d8bdf89c92,2021-09-15 01:07:26,0x446a5942387cc8d5117b800c02d1fe4292cf41d0e3900857e38a9dc4e70623d4
0xe722f9aee66f649fbfc8cb0d4f906cb55803553c,2021-09-29 06:06:41,0x818bd6f653b6c47154f50517d761ddaa61e707ecd6206d57a4947518195d419c
0x298b9b95708152ff6968aafd889c6586e9169f1d,2021-07-28 17:25:05,0x98fed9742d3eddfd3a1502fc5426e380ac715cb2f1770cde51954b6b081f4e29
0xf2ff43da7b6e5963059b7004df43b5c5870eeb18,,
0x90f872b3d8f33f305e0250db6a2761b354f7710a,2021-07-08 19:42:19,0xb7b5e18a774d7a79dfe108a4488b5fc5ee306944e6d8ac0e4694ce6bfb98dfcd
0x8ce8c13d816fe6daf12d6fd9e4952e1fc88850af,2021-07-21 16:36:46,0xa496368febdd133f5807b666c0fcc237603a3be6447fcc6a540b1ec6fc21bb61
0xb143f7124d57987cd8a6bd9dce36b00f56fe02b7,2021-10-12 23:12:41,0xc6cea78f469edbc31bad33832d96996a1b11144cdc5909f912019b56b4c77561
0x7eb21e5ef2d8bb3804380d02a5fe0487dcbfe184,2021-10-12 21:06:52,0x724c2aa202b8400a89d5e379912f775748daff4388497033ae669913d8c2ba85
0xc806963f83d0b7ad3b96f59b0f7a77e5d2bbb57d,2021-10-12 21:06:52,0xe8266da7ece133cf9020ed2b786b2760ed5a54ce36a1480fb62d92d6a2213ff4
0x92d72611734edfde3721b40e713f515dbacb4fb2,2021-10-24 02:23:34,0x0ea707666af17acfb5654e035c09cf9b8b7437819dfb4f0b268cf3dd6be9753a
0x620c8800ec73ac705151ec8327913c2910cc46b1,2021-10-28 22:31:31,0xa3bfd8917d9d7130118fb19a4f2c93b31477db3f437ad1d71f99fad850ec085f
0x608457bc647e6f8f76ead8b99d343d367e0f4d62,,
0xb27e3eab7526bf721ea8029bfcd3fdc94c4f8b5b,2021-08-21 14:58:39,0x690fbf3b0bbd7897d55e6fb729949d359c1f54310849177410fb11fffd198e34
0xce9b8433b715910ef7d644c385dd65cccbedb587,2021-08-16 20:38:05,0x9e6a49e3403e39c670ff91fc40175600d84fed39134fd5ebf2c4dd6a0871ca82
0x87a7eed69eafa78d30344001d0baff99fc005dc8,2021-08-16 20:57:22,0x7901af843e941b9dd31fa81830c7165cbd87032db77d6fbbcabb2715b145acf2
0x469e9f00cc30350a4e1c3f3109c8460b532f5fa1,2021-08-21 07:18:47,0xa0b88642a1b932a380fc0cb5c72bf2e8d9558040a32ccdd5a52783a2209b8777
0xd7d974e81382d05e8d9fc6d0d17d0d852e9806dd,2021-08-21 07:21:49,0x45629a2166f1c56bb76d4e4f03cb1c928f9eeab71a495059133bb5cb985ae51f
0x96db852d93c2fea0f447d6ec22e146e4e09caee6,2021-08-26 19:32:22,0x2d206cad9213e3c0f1eb85610f3897efb278e591278c07fe002260d84caebdbe
0xb921e22de51f17b4227787a6d264f37399eb7d8c,2021-09-29 06:09:58,0x7093e95f38e833874f94cdafd6adedfc29e63ada142e8659e48ef4fee972d07b
0xa9e630952522e3f110322711f424528af894e307,2021-07-28 17:25:05,0xe736e9e3525902c76f228d255702bad4366acdd44113f731f3c0317f094d97b3
0xf7c52d88a1d39966c22f9e07a61f43f61ec1ef1d,2021-08-18 22:37:33,0x7f737191f80cdee39362080e14062abaa72ad7c20da6366526ded67e268770fd
0xe295ad71242373c37c5fda7b57f26f9ea1088afe,2021-08-06 08:24:24,0x0d0d7c253fea23bcf013240fa3fbc112eb15c4b6b5a33211156e2c5fa088250c
0x735247fb0a604c0adc6cab38ace16d0dba31295f,2021-08-17 07:29:26,0xba65551ce1834b55d629b8899e55597ced62ed229d061f571f3f37873fc91150
0x5440625752aa1b8a83a43200bfbcdedfbc174971,2021-08-18 22:09:10,0x137f63850459593bdb6cd62f8872881024a1dc36597e0cbbeb0145dd3c0b839f
0x2ad09850b0ca4c7c1b33f5acd6cbabcab5d6e796,2021-08-21 20:22:40,0x397e6f7faf279d9d1a2b626e8e5cc605a7343e13e30088141eddc163f180fe0d
0xec4b41af04cf917b54aeb6df58c0f8d78895b5ef,2021-08-21 20:38:49,0x12824576bd50923d6255327555a4dc55d5ce30fafd1af8d7c3d025b516916f55
0x176b9e1bce6757ab23235fa9899b32e89b105b0d,2021-08-21 07:18:47,0x06bd55bc501a2af32c0791632a1c1d2187749e1396ce4ca69de0e5c5021a0cde
0x8f69783db37905f026cf62223c9957ae0ca90a38,2021-08-21 07:21:49,0x73eb156231e83f480f7c9d63a1399057574452af0331ca173358243bd57fbac7
0x5421e2b1349b33ac17fb611cca538fc2c03a023d,2021-08-25 21:46:42,0x16dcacc21d18e51e7826fc95408eaf543c186f19f36a5294b9b0ab25973cff3c
0x1b9dfc56e38b0f92448659c114e2347bd803911c,2021-08-27 06:50:23,0x293c6ca3efdde5ba6010f14ecc3fb2a7fe6dfa5239c5adc19392de338a58ce5c
0xc16251b5401087902e0956a2968cb3e0e4a52760,2021-08-30 09:44:19,0x12e1da2dc94fbb9d68f4bcbc9c51b881adc2e8c24cccf4cebcdf780927fea561
0x33ceb27b39d2bb7d2e61f7564d3df29344020417,2021-09-14 22:10:14,0x48c44e83d751c658a7ae0bba99f0000f931f1bbd9ea9a358a07cf9d1b7e5a5be
0x86ca30bef97fb651b8d866d45503684b90cb3312,2021-10-12 23:23:41,0xa632e6c9404d89662391db96bc1d6b91fbbe49111cf0cbc62a02cc97347b271e
0x8f571a7bd9924e25a3d2ac0b7f721c5ed675c3c8,2021-10-12 21:03:08,0x0502684020b2c7de6d2a844a04e310b9714d67a1e7338d641105db3d424deaee
0x8ce809a955db85b41e7a378d7659e348e0c6add2,2021-10-28 22:31:31,0x147ed61acdd72beecaf87120ecd82ccdf918c8863dc738e1f7db72430aea977b
0xba32006fdcdc840f80cb9c8ec69c92f06e82e588,2021-10-19 22:59:22,0xd9068363ca7b4889b7768b7ae2c084a5a00ec3f3df232768148ee9f578fd964f
0x3ae7f9091cb429464707b61398b5cfdcd2a25981,2021-10-19 22:59:22,0x7f2b39de8f77c58e3abc76a2081254eda6ed55334890fd8bd0fe7975491c6b7a
