avg_l1_fee_scalar,num_raw_txs,num_blocks,l2_num_txs_per_day,l2_gas_used,l1_gas_paid,dt,base_fee_gwei,compressedtxsize_approx_user_txs_l2_per_day,l2_eth_fees_per_day,avg_l1_gas_price_on_l2,num_users_per_day,l2_gas_used_user_txs_per_day,num_user_txs_per_second,active_secs_per_day,l2_num_attr_deposit_txs_per_day,l1_gas_used_user_txs_l2_per_day,l2_gas_used_per_block,l2_gas_eth_fees_priority_fee,chain_type,l2_num_user_deposit_txs_per_day,l1_gas_paid_user_txs,calldata_gas_user_txs_l2_per_day,avg_l2_gas_price,calldata_bytes_user_txs_l2_per_day,is_initial_day,l1_contrib_l2_eth_fees_per_day,calldata_bytes_l2_per_day,compressedtxsize_approx_l2_per_day,l2_gas_eth_fees_base_fee,l2_gas_used_per_second,equivalent_l1_tx_fee,l2_contrib_l2_eth_fees_per_day,calldata_gas_l2_per_day,l1_gas_used_on_l2,l2_num_success_txs_per_day,l2_eth_fees_per_second,chain_name,l2_eth_fees_per_block,chain,l2_num_txs_per_day_per_block
0,"229,161","43,200","185,832","145,053,574,972",0,2024-05-12,0.00000045435781693048,"25,681,228",0.1704317340024,3.83,"13,504","143,088,506,648",2.15,"86,400","43,200","538,448,596","3,357,721.64",0.129161108015,mainnet,129,0,"208,714,432",0.00090312628921072,"24,738,277",0,0.0412047,"31,878,633","32,846,793",0.000065884022268037,"1,678,860.82","548,330,618,139.82",0.129226992038,"276,221,520","538,448,596","182,677",0.000002,mode,0.000003945179028,mode,4.3
0,"198,035","43,200","154,723","103,962,620,895",0,2024-05-11,0.000000359701082,"22,813,057.5",0.1462766653118059,4.73,"14,374","101,998,384,791",1.79,"86,400","43,200","472,369,320","2,406,542.15",0.10154635053,mainnet,112,0,"196,670,296",0.00099593478536037,"23,440,171",0,0.04469292584790038,"30,573,899","29,992,369.5",0.000037,"1,203,271.08","479,184,527,367.64",0.1015837394639037,"264,415,832","472,369,320","151,555",0.000001693017,mode,0.000003386034,mode,3.58
0,"287,450","43,200","244,051","162,654,131,030",0,2024-05-10,0.00000060059494352307,"50,681,872.25",0.424508618056,5.81,"23,609","160,681,139,600",2.82,"86,400","43,200","979,920,448","3,765,141.92",0.310455064,mainnet,199,0,"545,382,468",0.001932726495486049,"70,660,977",0,0.11,"77,831,917","57,882,038",0.000098,"1,882,570.96","1,030,897,572,638.63",0.31055,"613,367,008","979,920,448","235,231",0.00000491329419046,mode,0.00000982658838092,mode,5.65
0,"306,926","43,200","263,363","171,877,958,856",0,2024-05-09,0.000000595851079061,"58,469,337",0.739052,4.74,"28,482","169,888,307,619",3.05,"86,400","43,200","1,116,124,664","3,978,656.46",0.63316031028,mainnet,363,0,"648,970,448",0.0037,"83,086,964",0,0.1057889641047,"90,328,544","65,703,745.5",0.000102387337619047,"1,989,328.23","788,802,756,311.8",0.63,"717,324,440","1,116,124,664","252,582",0.0000086,mode,0.0000171077,mode,6.1
0,"369,250","43,200","325,545","190,177,530,305",0,2024-05-08,0.0000175063087,"88,545,587.75",0.774114669356106,5.4,"52,067","188,172,136,881",3.77,"86,400","43,200","1,638,279,504","4,402,257.65",0.59,mainnet,504,0,"1,062,536,444",0.0032,"116,167,355",0,0.177013,"123,471,451","95,822,898.75",0.00332502126327064,"2,201,128.82","977,949,022,008.96",0.59710191561086,"1,131,422,380","1,638,279,504","306,155",0.00000895966052,mode,0.0000179193210499099,mode,7.54
0,"564,537","43,200","520,330","151,338,655,591",0,2024-05-07,0.0047759053,"165,789,233",3.09,6.99,"118,121","149,280,498,556",6.02,"86,400","43,200","3,007,482,540","3,503,209.62",1.95,mainnet,"1,007",0,"2,086,508,688",0.01791457574310022,"222,478,278",0,0.42069,"230,004,066","173,200,092.75",0.720027,"1,751,604.81","1,003,629,987,187.06",2.67,"2,156,985,228","3,007,482,540","480,705",0.00003582158259053064,mode,0.000071643165181061,mode,12.04
0,"243,843","43,200","199,751","74,303,805,277",0,2024-05-06,0.0000002824754703087,"43,730,227.25",0.3925926052710024,6.84,"21,527","72,257,345,461",2.31,"86,400","43,200","837,260,276","1,719,995.49",0.27799515328023,mainnet,891,0,"482,354,548",0.003847582893057,"58,453,321",0,0.11,"65,927,673","51,113,645.25",0.000020973013,"859,997.75","472,656,118,683.27",0.27801612629342703,"552,517,140","837,260,276","188,268",0.00000454389589434031,mode,0.00000908779178868061,mode,4.62
0,"243,053","43,200","198,587","71,419,235,910",0,2024-05-05,0.00000027093237027,"40,957,407.5",0.42,5.77,"15,658","69,331,023,160",2.3,"86,400","43,200","792,936,908","1,653,223.05",0.325659456888046,mainnet,"1,264",0,"439,255,864",0.004697446937414207,"62,380,465",0,0.09154039,"70,019,089","48,440,057.75",0.00001934552261026,"826,611.53","403,831,718,592.95",0.32567880241068,"510,599,260","792,936,908","188,154",0.0000048,mode,0.0000097,mode,4.6
0,"308,129","43,200","262,679","95,084,414,361",0,2024-05-04,0.0000002835109963057,"55,903,024.25",0.401175173027,5.85,"19,017","92,889,813,866",3.04,"86,400","43,200","1,075,813,148","2,201,028.11",0.2752255723399055,mainnet,"2,244",0,"608,653,636",0.00296321538065,"84,297,799",0,0.1259226478738076,"92,362,967","63,635,975.25",0.000027,"1,100,514.06","545,546,151,599.42",0.28,"682,931,252","1,075,813,148","251,173",0.0000046,mode,0.0000093,mode,6.08
0,"391,812","43,200","346,228","119,237,811,202",0,2024-05-03,0.000000319685814015,"80,452,112.5",0.773083,7.14,"21,901","117,029,702,398",4.01,"86,400","43,200","1,525,917,580","2,760,134.52",0.5550266681165906,mainnet,"2,384",0,"910,537,736",0.00474293932538059,"126,627,104",0,0.2180181079,"134,749,728","88,215,612",0.0000381096,"1,380,067.26","842,241,974,861.56",0.555064777741046,"985,158,336","1,525,917,580","330,341",0.0000089,mode,0.000018,mode,8.01
0,"276,053","43,200","231,945","91,616,138,643",0,2024-05-02,0.0000002865067,"45,434,224.5",0.87202535530056,8.36,"14,080","89,568,112,083",2.68,"86,400","43,200","886,510,540","2,120,743.95",0.7238508427797004,mainnet,908,0,"474,591,432",0.008082,"64,472,409",0,0.14814827465077,"71,953,577","52,826,090.25",0.00002623787008,"1,060,371.98","748,612,823,407.51",0.72387708065,"544,871,780","886,510,540","221,993",0.000010092886057,mode,0.00002019,mode,5.37
0,"260,073","43,200","216,089","88,320,434,279",0,2024-05-01,0.00000028213013,"37,570,727.75",0.756987041533071,9.88,"11,101","86,287,085,431",2.5,"86,400","43,200","749,997,128","2,044,454.5",0.6088,mainnet,784,0,"366,026,812",0.00705558830688049,"48,356,197",0,0.14818089053,"55,784,997","44,933,134.5",0.0000249098,"1,022,227.25","866,199,234,633.79",0.6088061510017,"435,970,728","749,997,128","206,195",0.000008761424092,mode,0.000018,mode,5
0,"218,160","43,200","174,047","84,523,983,309",0,2024-04-30,0.00000027,"32,518,137.5",0.92,15.74,"11,123","82,473,214,389",2.01,"86,400","43,200","639,654,100","1,956,573.69",0.72,mainnet,912,0,"330,927,064",0.00875894701325012,"43,464,973",0,0.201389063,"50,952,045","39,916,225.5",0.00002323014913072,"978,286.84","1,256,841,989,855.28",0.72,"401,301,528","639,654,100","166,507",0.0000106917543695079,mode,0.000021383508739016,mode,4.03
0,"217,110","43,200","173,377","81,009,465,226",0,2024-04-29,0.00000027,"36,227,603.25",0.5823376592531606,9.31,"14,393","79,002,058,298",2.01,"86,400","43,200","698,854,328","1,875,219.1",0.4522531894160101,mainnet,533,0,"391,007,476",0.0057,"53,668,507",0,0.13006234405046,"60,986,287","43,523,606.5",0.000022,"937,609.55","720,764,654,948.37",0.45227531520269704,"460,162,024","698,854,328","165,709",0.0000067400192043,mode,0.0000134800384086,mode,4.01
0,"243,345","43,200","199,559","82,389,423,022",0,2024-04-28,0.00000028099054345107,"39,075,606.25",0.66,6.64,"16,401","80,375,831,423",2.31,"86,400","43,200","761,661,880","1,907,162.57",0.56,mainnet,586,0,"408,089,508",0.0070018,"46,880,754",0,0.1011502950043012,"54,223,290","46,387,068.75",0.00002313776042,"953,581.28","529,153,299,326.99",0.56277162491025,"477,433,740","761,661,880","189,977",0.00000768428148049,mode,0.00001536856296099,mode,4.62
0,"224,676","43,200","180,771","103,171,395,759",0,2024-04-27,0.00000028,"30,982,247",0.54077,5.99,"10,867","101,144,838,321",2.09,"86,400","43,200","620,246,220","2,388,226.75",0.47,mainnet,705,0,"299,037,104",0.004612408017,"39,295,421",0,0.0742480067,"46,691,361","38,325,400.5",0.0000293053,"1,194,113.38","606,712,440,587.37",0.4665212631019,"368,758,920","620,246,220","173,450",0.0000062589036,mode,0.00001251780717054,mode,4.18
0,"473,057","43,200","429,062","125,608,248,573",0,2024-04-26,0.0006199759026314709,"52,809,467.5",0.9864105352448079,7.56,"120,482","123,571,491,056",4.97,"86,400","43,200","1,138,162,432","2,907,598.35",0.7369270083,mainnet,795,0,"378,132,024",0.006589358794038,"50,696,628",0,0.17215364396274094,"58,130,016","60,174,337.75",0.07732988294058,"1,453,799.17","925,515,766,673.64",0.81,"448,103,388","1,138,162,432","418,696",0.00001141678860237046,mode,0.00002283357720474092,mode,9.93
0,"292,438","43,200","248,463","121,232,779,752",0,2024-04-25,0.00000033,"40,491,132",1.61,11.64,"16,888","119,198,092,917",2.88,"86,400","43,200","816,086,508","2,806,314.35",1.42,mainnet,775,0,"377,530,368",0.011941420098,"48,717,036",0,0.18992372882773603,"56,142,504","47,851,844",0.00004,"1,403,157.17","1,388,899,710,577.52",1.42,"447,456,960","816,086,508","239,076",0.000019,mode,0.00003734532942579041,mode,5.75
0,"317,977","43,200","273,838","178,559,408,661",0,2024-04-24,0.00002,"44,549,167.25",6.81,14.65,"14,527","176,504,865,459",3.17,"86,400","43,200","899,290,316","4,133,319.64",6.54,mainnet,939,0,"414,850,932",0.037099,"52,628,349",0,0.26,"60,126,025","51,951,900.75",0.003542934570383505,"2,066,659.82","2,488,380,844,037.15",6.55,"485,271,436","899,290,316","257,432",0.000079,mode,0.00016,mode,6.34
0,"232,047","43,200","187,998","198,538,705,719",0,2024-04-23,0.0000167039045,"33,344,904.5",0.601419910862055,12.45,"12,649","196,496,514,909",2.18,"86,400","43,200","661,924,432","4,595,803.37",0.43,mainnet,849,0,"328,976,648",0.0022218740719028,"40,971,254",0,0.16,"48,427,130","40,722,977",0.003313084,"2,297,901.69","2,507,747,347,526.4",0.43659051,"399,100,496","661,924,432","182,446",0.00000696087859794045,mode,0.0000139217571958809,mode,4.35
0,"225,404","43,200","181,399","178,597,448,994",0,2024-04-22,0.0000008205617298072,"31,569,166.75",0.570085405,10.6,"11,101","176,557,970,475",2.1,"86,400","43,200","629,719,184","4,134,200.21",0.4364474558486068,mainnet,805,0,"307,744,556",0.0024728072,"40,494,173",0,0.13,"47,933,777","38,938,728",0.00014636275046,"2,067,100.1","1,839,969,039,254.11",0.43659381859906,"377,780,096","629,719,184","176,519",0.0000065982107055023,mode,0.0000131964214110046,mode,4.2
0,"205,567","43,200","161,332","174,122,394,086",0,2024-04-21,0.00000049698092,"25,930,544.75",0.29221759063,7.63,"11,019","172,058,522,596",1.87,"86,400","43,200","525,283,040","4,030,610.97",0.211924547027,mainnet,"1,035",0,"239,359,500",0.0012322028,"31,506,096",0,0.0802066,"39,046,172","33,358,721.5",0.000086,"2,015,305.49","1,303,512,241,517.61",0.212010993191095,"310,082,648","525,283,040","157,397",0.00000338214804,mode,0.000006764296079,mode,3.73
0,"216,835","43,200","172,475","182,968,397,298",0,2024-04-20,0.00000049,"26,665,192.75",0.271134384232051,7.64,"12,769","180,890,063,670",2,"86,400","43,200","544,330,364","4,235,379.57",0.18786938697534303,mainnet,"1,160",0,"238,990,284",0.00103907476209,"30,724,704",0,0.083176084,"38,323,744","34,129,744.5",0.000089,"2,117,689.78","1,396,683,291,967.55",0.19,"310,159,432","544,330,364","167,789",0.00000313812944713022,mode,0.00000627625889426045,mode,3.99
0,"186,327","43,200","142,430","175,549,794,234",0,2024-04-19,0.00000200394017047,"25,210,545.25",0.421191503058,11.57,"10,239","173,520,376,075",1.65,"86,400","43,200","500,036,428","4,063,652.64",0.30509065152013,mainnet,697,0,"248,404,884",0.0017602646486427097,"32,575,395",0,0.11574971923369405,"39,968,327","32,552,823.5",0.0003511323039,"2,031,826.32","1,957,354,023,198.33",0.3054417838240107,"318,121,400","500,036,428","137,040",0.00000487490165576041,mode,0.00000974980331152082,mode,3.3
0,"149,466","43,200","105,157","46,190,084,778",0,2024-04-18,0.00000026022349014,"21,063,511.75",0.43374226035,13.01,"10,844","44,113,775,326",1.22,"86,400","43,200","409,281,064","1,069,214.93",0.32726557038,mainnet,"1,109",0,"222,605,372",0.0074,"29,392,838",0,0.10646468065321003,"36,970,778","28,515,976.25",0.000012009321336403,"534,607.46","585,272,333,761.15",0.33,"293,636,612","409,281,064","100,873",0.00000502016505036302,mode,0.00001004033010072604,mode,2.43
0,"184,995","43,200","140,961","56,863,302,777",0,2024-04-17,0.00000027,"25,288,641",0.584319384955035,19.84,"9,487","54,818,517,389",1.63,"86,400","43,200","501,569,624","1,316,280.16",0.39,mainnet,834,0,"251,252,688",0.007028,"32,573,973",0,0.199035,"40,027,805","32,667,004.25",0.000015,"658,140.08","1,042,591,721,670.92",0.3852840931228024,"321,397,508","501,569,624","135,565",0.0000068,mode,0.000014,mode,3.26
0,"221,180","43,200","177,084","109,250,332,334",0,2024-04-16,0.0000003404276022,"29,141,468.75",0.45205489033,11.81,"9,729","107,200,047,632",2.05,"86,400","43,200","587,437,144","2,528,942.88",0.313233072,mainnet,896,0,"273,596,108",0.0029222953059022,"34,809,377",0,0.1387846943384105,"42,290,945","36,535,635",0.000037,"1,264,471.44","1,324,985,798,385.15",0.3132702,"343,926,320","587,437,144","171,456",0.00000523211678617904,mode,0.00001046423357235809,mode,4.1
0,"203,749","43,200","159,963","75,340,884,099",0,2024-04-15,0.00000028480068,"27,584,636",0.49,15.06,"11,022","73,324,829,702",1.85,"86,400","43,200","551,607,840","1,744,001.95",0.32159496381083,mainnet,586,0,"267,314,432",0.0044,"35,183,999",0,0.1661193364122094,"42,526,663","34,895,900.25",0.000021427409293107,"872,000.97","1,095,060,810,793",0.3216163912201049,"336,655,492","551,607,840","154,721",0.00000564508944019,mode,0.00001129017888038,mode,3.7
0,"213,460","43,200","169,431","83,830,435,495",0,2024-04-14,0.00000029,"27,630,350.75",0.41,12.31,"10,699","81,789,949,248",1.96,"86,400","43,200","558,425,540","1,940,519.34",0.2774163011900035,mainnet,829,0,"257,744,684",0.003392106130305069,"32,981,267",0,0.1375216893730015,"40,432,295","35,006,347",0.000023887051,"970,259.67","1,061,809,944,927.83",0.27744019,"327,857,072","558,425,540","163,441",0.0000048027995094,mode,0.000009605599019,mode,3.92
0,"219,515","43,200","175,645","63,383,291,621",0,2024-04-13,0.00000027,"29,122,932.5",3.56,57.5,"11,389","61,357,645,642",2.03,"86,400","43,200","586,871,248","1,467,205.82",2.88,mainnet,670,0,"274,865,160",0.047003279768816054,"35,759,799",0,0.67,"43,141,743","36,458,936.5",0.000017,"733,602.91","4,326,619,305,184.09",2.88,"344,510,664","586,871,248","166,664",0.000041191491192063,mode,0.000082,mode,4.07
0,"247,125","43,200","203,514","57,456,149,352",0,2024-04-12,0.00000026747097,"34,300,772.75",1.11,31.99,"11,069","55,448,896,450",2.36,"86,400","43,200","692,643,344","1,330,003.46",0.6633151054,mainnet,411,0,"327,389,132",0.012,"45,644,954",0,0.44,"52,910,758","41,592,662.5",0.000015,"665,001.73","1,769,003,671,449.62",0.6633304641394508,"396,610,600","692,643,344","188,938",0.0000128068528079,mode,0.0000256137056,mode,4.71
0,"242,651","43,200","198,697","59,359,824,122",0,2024-04-11,0.00000027,"34,457,453.25",0.86,20.81,"11,556","57,317,355,564",2.3,"86,400","43,200","691,452,640","1,374,070",0.571569649087,mainnet,754,0,"335,136,916",0.01,"46,995,025",0,0.28780159351119605,"54,412,761","41,830,418.5",0.000016182344669509,"687,035","1,154,903,742,285.74",0.57,"405,282,408","691,452,640","185,768",0.0000099,mode,0.00001989322742923064,mode,4.6
0,"271,774","43,200","227,620","70,755,921,205",0,2024-04-10,0.00000028,"39,628,386.75",1.05,19.83,"13,820","68,698,990,990",2.63,"86,400","43,200","793,131,304","1,637,868.55",0.73,mainnet,954,0,"386,403,628",0.01069,"53,237,974",0,0.31460815087,"60,744,478","47,037,003",0.00002,"818,934.27","1,364,535,488,994.96",0.73,"456,901,936","793,131,304","215,497",0.000012,mode,0.000024,mode,5.27
0,"270,090","43,200","226,281","81,719,860,992",0,2024-04-09,0.0000003129278047,"37,114,493.25",0.73,27.86,"13,437","79,700,306,330",2.62,"86,400","43,200","751,024,232","1,891,663.45",0.309085,mainnet,609,0,"347,638,164",0.003878408580980603,"46,120,482",0,0.4184439001983072,"53,475,718","44,434,568.5",0.000026,"945,831.72","2,168,241,989,333.96",0.30911035197704706,"417,095,176","751,024,232","214,692",0.00000842076680758503,mode,0.00001684153361517006,mode,5.24
0,"286,445","43,200","242,162","74,389,796,797",0,2024-04-08,0.00000028,"38,401,600.25",0.671927044099,23.89,"11,710","72,316,021,166",2.8,"86,400","43,200","784,785,976","1,721,986.04",0.3,mainnet,"1,083",0,"350,953,348",0.004107063,"46,746,115",0,0.374920619321033,"54,312,207","45,846,670",0.00002102766017068,"860,993.02","1,708,692,798,158.44",0.2970064,"421,894,560","784,785,976","230,289",0.00000777693338077,mode,0.000016,mode,5.61
0,"267,097","43,200","222,581","66,778,150,388",0,2024-04-07,0.00000027124099,"34,757,303",0.52599516733037,15.37,"11,508","64,682,210,688",2.58,"86,400","43,200","711,966,072","1,545,790.52",0.307063642246068,mainnet,"1,316",0,"313,948,720",0.00474754566720092,"40,537,972",0,0.21891341823359203,"48,207,012","42,262,534.25",0.0000181068507075,"772,895.26","971,085,443,830.25",0.30708174909678043,"385,599,012","711,966,072","213,356",0.000006087907029,mode,0.000012175814059,mode,5.15
0,"228,496","43,200","183,847","53,126,048,446",0,2024-04-06,0.0000002628025,"29,894,149.75",0.42,13.05,"11,154","51,015,587,609",2.13,"86,400","43,200","607,116,880","1,229,769.64",0.25988232603,mainnet,"1,449",0,"278,280,860",0.00509444845043,"35,918,006",0,0.16,"43,645,306","37,431,924.75",0.0000139552126065,"614,884.82","654,999,038,446.96",0.26,"350,307,148","607,116,880","177,835",0.0000048413839517014,mode,0.0000096827679034027,mode,4.26
0,"210,931","43,200","166,758","53,501,050,268",0,2024-04-05,0.00000026,"29,711,783.75",0.4879041,20.58,"10,084","51,442,096,973",1.93,"86,400","43,200","591,685,836","1,238,450.24",0.24,mainnet,973,0,"293,955,836",0.004749646578394053,"38,355,026",0,0.24,"45,872,966","37,127,763.25",0.000014006554084,"619,225.12","1,043,686,194,265.05",0.2443317798732035,"364,551,284","591,685,836","160,962",0.000005647038615046,mode,0.000011294077230091,mode,3.86
0,"162,217","43,200","118,072","42,384,606,094",0,2024-04-04,0.0000002604063,"20,595,209.75",0.5907214022,32,"11,371","40,320,331,942",1.37,"86,400","43,200","410,789,108","981,125.14",0.33,mainnet,945,0,"201,061,020",0.0081,"25,433,436",0,0.26,"32,942,560","28,018,517.25",0.000011026,"490,562.57","1,240,694,577,809.65",0.33,"271,804,180","410,789,108","113,238",0.00000683705326571093,mode,0.0000136741065,mode,2.73
0,"124,780","43,200","80,708","30,759,608,430",0,2024-04-03,0.00000025,"14,647,594.25",1.23,31.71,"9,106","28,685,987,708",0.9341203703703703,"86,400","43,200","289,424,684","712,027.97",0.54013082,mainnet,872,0,"146,551,204",0.018829355024,"18,156,976",0,0.6913047,"25,630,992","22,160,051.75",0.0000078229289077,"356,013.99","942,927,580,950.98",0.54014,"218,800,188","289,424,684","77,892",0.000014,mode,0.00002850563244488703,mode,1.87
0,"130,582","43,200","87,036","29,680,136,992",0,2024-04-02,0.00000025427055083,"16,274,737.25",1.4,37.87,"9,681","27,667,372,570",1.01,"86,400","43,200","319,125,372","687,040.21",0.3746856735017054,mainnet,346,0,"165,700,628",0.013542782800064,"20,461,835",0,1.02,"27,700,851","23,656,378.25",0.0000075,"343,520.1","1,054,499,247,846.27",0.37,"236,428,836","319,125,372","84,657",0.000016,mode,0.0000323071,mode,2.01
0,"150,495","43,200","106,829","32,161,379,687",0,2024-04-01,0.00000026,"18,728,563.5",1.44,24.74,"9,153","30,137,340,604",1.24,"86,400","43,200","371,737,812","744,476.38",0.5618952236931407,mainnet,466,0,"183,427,064",0.01864475941119018,"23,034,539",0,0.8737931500025,"30,325,043","26,139,174.5",0.0000082,"372,238.19","767,953,446,017.96",0.5619035,"254,488,232","371,737,812","104,397",0.000017,mode,0.0000332337179365073,mode,2.47
0,"166,591","43,200","122,530","33,759,974,999",0,2024-03-31,0.0000002534282141049,"25,566,249.75",1.32,20.94,"11,757","31,691,745,950",1.42,"86,400","43,200","492,564,560","781,480.9",0.1256100772604075,mainnet,861,0,"275,747,356",0.004,"32,681,143",0,1.19,"40,147,915","33,080,967.75",0.0000085545161026,"390,740.45","660,677,728,091.17",0.13,"348,044,476","492,564,560","119,286",0.000015255976028,mode,0.000030511952055,mode,2.84
0,"158,729","43,200","114,498","31,172,584,671",0,2024-03-30,0.00000025,"24,950,754.75",0.85582286093,22.12,"12,163","29,084,866,669",1.33,"86,400","43,200","477,546,144","721,587.61",0.3387431246842099,mainnet,"1,031",0,"274,638,252",0.012,"32,652,348",0,0.517072,"40,195,256","32,509,865.25",0.0000079034,"360,793.8","645,044,862,267.83",0.33875102810663044,"347,460,692","477,546,144","111,489",0.0000099054,mode,0.00001981071,mode,2.65
0,"177,010","43,200","132,769","34,886,072,658",0,2024-03-29,0.0000002546084064,"26,907,584.5",0.731537708559047,26.24,"12,843","32,796,270,170",1.54,"86,400","43,200","517,924,736","807,547.98",0.140455357082,mainnet,"1,041",0,"286,068,680",0.004282933281056,"33,971,357",0,0.591073,"41,513,889","34,462,197.5",0.0000089,"403,773.99","860,902,126,494.14",0.1404642370056,"358,808,280","517,924,736","129,100",0.00000846687162684082,mode,0.000017,mode,3.07
0,"180,108","43,200","136,159","36,660,312,840",0,2024-03-28,0.00000028,"27,726,996.25",1.19,34.3,"12,702","34,603,967,446",1.58,"86,400","43,200","533,274,160","848,618.35",0.25803533950866014,mainnet,749,0,"295,490,948",0.0075,"35,875,217",0,0.93,"43,292,869","35,211,112.75",0.000010360433704305,"424,309.18","1,167,086,238,014.51",0.258046,"367,420,300","533,274,160","131,957",0.0000137926064,mode,0.000028,mode,3.15
0,"210,217","43,200","166,226","41,907,207,240",0,2024-03-27,0.00000026,"34,828,740.75",1.08,36.61,"16,776","39,859,835,239",1.92,"86,400","43,200","667,637,080","970,074.24",0.2514465728937034,mainnet,791,0,"376,405,964",0.0063085,"45,544,649",0,0.83,"52,980,613","42,238,800",0.00001085,"485,037.12","1,451,440,434,434.94",0.25145741858283094,"447,104,704","667,637,080","161,414",0.0000124796871911028,mode,0.0000249593743822055,mode,3.85
0,"184,735","43,200","140,489","44,477,421,926",0,2024-03-26,0.0000002602407664059,"25,378,663.75",0.429638955167056,29.97,"9,435","42,407,216,749",1.63,"86,400","43,200","497,450,312","1,029,569.95",0.13145078074,mainnet,"1,046",0,"253,206,588",0.0030999994037,"30,285,330",0,0.2981766085,"37,836,234","32,815,338.5",0.00001156589257037,"514,784.98","1,326,964,962,719.02",0.13,"324,053,736","497,450,312","137,899",0.000004972673092,mode,0.0000099,mode,3.25
0,"193,160","43,200","148,896","51,643,476,331",0,2024-03-25,0.00000028224700018,"26,074,004.5",0.45472005088618206,26.71,"11,624","49,576,074,825",1.72,"86,400","43,200","515,201,916","1,195,450.84",0.1795243156017,mainnet,"1,064",0,"255,185,224",0.0036,"30,622,498",0,0.27518120044,"38,179,042","33,506,969",0.0000145348477203,"597,725.42","1,378,097,471,964.78",0.17953885045,"325,953,424","515,201,916","145,580",0.0000053,mode,0.0000105259271038,mode,3.45
0,"197,082","43,200","151,843","46,378,098,409",0,2024-03-24,0.0000002602981285046,"23,946,883.75",0.359019021,18.68,"12,041","44,207,409,097",1.76,"86,400","43,200","484,765,376","1,073,567.09",0.18,mainnet,"2,039",0,"217,944,956",0.004025,"28,547,357",0,0.181073,"36,541,561","31,627,589.5",0.000012063,"536,783.55","828,293,910,156.51",0.1779465072103057,"291,616,216","484,765,376","147,828",0.0000042,mode,0.00000831062549756909,mode,3.51
0,"179,774","43,200","134,917","49,384,207,894",0,2024-03-23,0.00000027265089095,"22,453,497",0.3189088722699039,18.74,"11,074","47,250,990,271",1.56,"86,400","43,200","451,019,456","1,143,152.96",0.15,mainnet,"1,657",0,"212,466,256",0.00317171459828074,"27,748,192",0,0.169042,"35,566,692","30,046,622.5",0.000013436842421045,"571,576.48","904,233,613,190.71",0.15,"285,151,848","451,019,456","130,093",0.00000369107491053,mode,0.000007382149821063,mode,3.12
0,"192,883","43,200","148,692","49,047,664,694",0,2024-03-22,0.00000026172838019,"23,162,683.25",0.381491241012,25.39,"8,640","46,988,016,655",1.72,"86,400","43,200","469,630,300","1,135,362.61",0.143017,mainnet,991,0,"208,826,036",0.0030439603192420053,"26,837,174",0,0.24,"34,357,298","30,578,323.75",0.0000128264202,"567,681.3","1,200,162,534,172.04",0.14303,"279,396,476","469,630,300","145,812",0.000004415407882089,mode,0.00000883082,mode,3.44
0,"167,558","43,200","123,644","49,007,572,204",0,2024-03-21,0.00000027015047,"21,445,190.5",0.36701276770459207,30.49,"11,613","46,977,365,443",1.43,"86,400","43,200","426,552,692","1,134,434.54",0.1069,mainnet,714,0,"208,598,376",0.00227612024,"27,107,880",0,0.260087,"34,507,280","28,790,773.5",0.000013,"567,217.27","1,433,609,531,230.79",0.10692613249196034,"278,349,272","426,552,692","119,961",0.0000042,mode,0.000008495665919088,mode,2.86
0,"185,192","43,200","141,414","64,835,558,960",0,2024-03-20,0.00000027,"24,926,744.25",0.5,35.92,"13,582","62,820,658,603",1.64,"86,400","43,200","494,005,140","1,500,823.12",0.14173532404,mainnet,578,0,"244,969,476",0.0023,"31,824,840",0,0.35488533061645006,"39,165,328","32,237,996",0.000018,"750,411.56","2,302,668,518,938.12",0.141753047,"314,319,040","494,005,140","137,499",0.0000057,mode,0.000011,mode,3.27
0,"188,249","43,200","144,587","79,926,697,517",0,2024-03-19,0.000000298014,"24,958,185.25",0.866507306323053,40.1,"13,623","77,924,255,462",1.67,"86,400","43,200","496,792,388","1,850,155.04",0.4680929062076,mainnet,462,0,"242,020,308",0.0060073,"31,246,722",0,0.398390626072,"38,535,674","32,239,473.75",0.000023774043061804,"925,077.52","3,259,375,328,129.12",0.4681166802506096,"311,016,668","496,792,388","140,792",0.0000100290197491094,mode,0.000020058039,mode,3.35
0,"183,506","43,200","139,705","46,400,813,771",0,2024-03-18,0.0000002752139033,"25,054,157.75",0.27498092107017,36.82,"15,667","44,382,747,604",1.62,"86,400","43,200","496,151,544","1,074,092.91",0.220515265016,mainnet,601,0,"248,867,484",0.005,"32,085,924",0,0.05445291771907804,"39,436,008","32,369,938.75",0.000013,"537,046.46","1,659,880,356,276.89",0.220528003351095,"318,264,492","496,151,544","135,841",0.0000032,mode,0.000006365299099,mode,3.23
0,"172,589","43,200","128,666","54,640,151,799",0,2024-03-17,0.00000026758035,"22,055,261.5",0.18,28.74,"11,373","52,609,719,434",1.49,"86,400","43,200","439,822,068","1,264,818.33",0.15926845244746204,mainnet,723,0,"212,895,576",0.00302763553908,"27,329,025",0,0.02,"34,733,165","29,403,505.5",0.00001460381194083,"632,409.16","1,548,854,986,040.69",0.159283056,"282,679,256","439,822,068","125,194",0.000002069863073,mode,0.0000041,mode,2.98
0,"141,463","43,200","97,858","28,110,200,541",0,2024-03-16,0.00000025395536096,"17,045,969.5",0.15,33.5,"10,394","26,113,955,891",1.13,"86,400","43,200","338,964,992","650,699.09",0.13105082003019,mainnet,405,0,"166,266,008",0.0050186940959025,"21,293,174",0,0.01756552668576703,"28,557,514","24,312,240.75",0.00000713622063,"325,349.54","883,063,668,833.04",0.13105795625082,"235,084,108","338,964,992","95,096",0.00000172017920065,mode,0.0000034403584013097,mode,2.27
0,"146,011","43,200","102,606","31,131,446,273",0,2024-03-15,0.00000025389480046,"19,797,222",0.296495076,42.83,"12,575","29,156,811,007",1.19,"86,400","43,200","387,635,032","720,635.33",0.2708007563674708,mainnet,205,0,"205,120,224",0.0092880068,"26,062,935",0,0.02568641718069,"33,238,539","27,011,354",0.0000079022,"360,317.67","1,259,671,904,343.34",0.2708087,"273,321,696","387,635,032","98,922",0.0000034,mode,0.0000069,mode,2.38
0,"145,372","43,200","102,034","27,786,228,490",0,2024-03-14,0.00000025355086377008,"18,967,132.5",0.51037,52.9,"13,528","25,818,475,962",1.18,"86,400","43,201","373,291,272","643,199.73",0.46,mainnet,132,0,"192,461,128",0.017908068,"23,505,406",0,0.0480159375015,"30,653,847","26,167,152.5",0.0000070435061,"321,599.87","1,380,300,988,436.37",0.46235903033,"260,509,704","373,291,272","99,946",0.0000059071,mode,0.000012,mode,2.36
0.684000000000047,"100,579","43,200","57,209","18,685,077,176","152,540,019.22",2024-03-13,0.000000252853047,"10,821,298",9.68,59.74,"8,110","16,499,487,410",0.6621412037037037,"86,400","43,200","223,011,724","432,524.93",0.5718744172045,mainnet,170,"152,540,019.22","110,897,376",0.0346604186008083,"13,181,427",0,9.11,"24,488,187","18,998,031.5",0.0000047,"216,262.47","989,510,169,051.42",0.57187914033,"194,538,552","223,011,724","56,342",0.000112095,mode,0.00022418927873097,mode,1.32
0.6840000000000063,"107,569","43,200","64,112","21,135,997,682","175,834,093.39",2024-03-12,0.000000253402208,"12,547,943.75",10.82,58.62,"9,627","18,939,741,213",0.742037037037037,"86,400","43,200","257,067,388","489,259.21",0.5167108018,mainnet,257,"175,834,093.39","131,013,244",0.027,"16,144,516",0,10.31,"27,490,408","20,748,051.75",0.0000054,"244,629.6","1,118,876,801,579.51",0.52,"214,933,756","257,067,388","62,958",0.000125288282027,mode,0.0002505765640546908,mode,1.48
0.6840000000001002,"89,272","43,200","45,758","15,516,953,118","128,756,291.33",2024-03-11,0.00000025316261023,"9,248,570.75",9.25,66.17,"7,122","13,314,245,842",0.5296065,"86,400","43,200","188,240,192","359,188.73",0.73,mainnet,314,"128,756,291.33","98,192,428",0.054947226639051,"12,025,459",0,8.52,"23,396,827","17,463,825.75",0.0000039261306027,"179,594.36","838,615,066,312.64",0.7315808838084058,"182,293,276","188,240,192","45,144",0.00010707,mode,0.00021413978647305,mode,1.06
0.684000000000048,"100,616","43,200","57,016","18,828,745,562","155,787,790.75",2024-03-10,0.00000025310612150069,"11,092,688.5",9.62,56.91,"9,330","16,617,379,961",0.6599074074074074,"86,400","43,200","227,759,928","435,850.59",0.752430178740061,mainnet,400,"155,787,790.75","115,449,608",0.045,"14,291,093",0,8.87,"25,700,821","19,330,975.25",0.000004763851771505,"217,925.3","952,084,830,237.25",0.75,"199,825,396","227,759,928","56,319",0.00011132938287952106,mode,0.000222658765759042,mode,1.32
0.68400000000009,"92,999","43,200","49,422","18,745,281,988","139,454,469.94",2024-03-09,0.000000253144024,"10,028,561",8.15,53.69,"7,573","16,537,806,695",0.572014,"86,400","43,200","203,880,804","433,918.56",0.6631014,mainnet,377,"139,454,469.94","106,685,840",0.040096380053,"13,195,595",0,7.49,"24,594,191","18,258,275.25",0.0000047,"216,959.28","895,171,059,831.97",0.6631061824784014,"190,949,492","203,880,804","48,741",0.00009433140044,mode,0.00018866280087095,mode,1.14
0.6840000000001069,"89,202","43,200","45,708","15,972,380,564","119,675,816.5",2024-03-08,0.00000025,"8,432,096",8.04,61.34,"6,288","13,773,742,124",0.529028,"86,400","43,200","174,964,644","369,731.03",0.702502571442092,mainnet,294,"119,675,816.5","85,183,232",0.0510033,"10,206,578",0,7.34,"21,568,330","16,641,488.5",0.0000040377261098,"184,865.52","879,119,403,666.88",0.7025066091682307,"169,212,040","174,964,644","44,987",0.000093096790249307,mode,0.0001861935805,mode,1.06
0.68400000000005,"100,005","43,200","56,502","16,634,556,791","136,495,775.95",2024-03-07,0.000000253093,"9,328,452.75",9.89,66.47,"7,414","14,433,446,813",0.65,"86,400","43,200","199,555,228","385,059.18",0.82087,mainnet,303,"136,495,775.95","87,781,068",0.056873210638683204,"10,518,828",0,9.07,"21,885,608","17,541,162.5",0.0000042081,"192,529.59","971,209,492,282.32",0.82087646084,"171,853,160","199,555,228","55,835",0.0001145056,mode,0.000229011,mode,1.31
0.68400000000012,"85,310","43,200","41,943","16,843,109,083","109,466,451.65",2024-03-06,0.00000025,"7,682,688.25",9.04,75.68,"5,889","14,659,046,805",0.49,"86,400","43,200","160,038,672","389,886.78",0.7561750027,mainnet,167,"109,466,451.65","77,289,028",0.052,"9,165,679",0,8.28,"20,471,403","15,859,147.75",0.0000043,"194,943.39","1,103,914,328,789.59",0.7561792654802304,"160,929,084","160,038,672","41,345",0.00010464159310418307,mode,0.0002092831862084,mode,0.9709028
0.684000000000087,"94,188","43,200","50,852","19,659,200,962","125,120,604.24",2024-03-05,0.000000254888014,"8,679,600",12.11,88.83,"6,516","17,478,546,225",0.59,"86,400","43,200","182,924,860","455,074.1",0.9915233467067,mainnet,136,"125,120,604.24","83,546,624",0.0567283079,"10,267,763",0,11.11,"21,560,275","16,848,357.25",0.000005005521436079,"227,537.05","1,796,521,954,766.06",0.9915283522282091,"167,097,172","182,924,860","50,035",0.0001401121409026,mode,0.0002802242818052,mode,1.18
0.684000000000083,"94,342","43,200","50,949","15,984,456,021","123,164,903.23",2024-03-04,0.00000025,"8,479,264.25",10.37,77.47,"6,517","13,797,344,145",0.59,"86,400","43,200","180,065,648","370,010.56",0.832107234073,mainnet,193,"123,164,903.23","80,235,716",0.060309525487327806,"10,085,867",0,9.54,"21,403,247","16,662,346",0.000004044,"185,005.28","1,044,770,503,688.76",0.8321112783703,"163,953,440","180,065,648","50,364",0.000120067,mode,0.00024013364705166503,mode,1.18
0.6840000000000099,"107,766","43,200","64,121","19,425,876,456","159,731,392.75",2024-03-03,0.00000025314250530703,"11,063,406.5",9.01,50.95,"7,707","17,213,579,650",0.7421412037037037,"86,400","43,200","233,525,428","449,673.07",0.8724703224066405,mainnet,445,"159,731,392.75","107,250,856",0.05069,"13,386,211",0,8.14,"24,815,095","19,312,396",0.0000049,"224,836.53","873,964,092,050.48",0.87,"191,748,928","233,525,428","63,265",0.00010429941604072,mode,0.000208598832081,mode,1.48
0.684000000000018,"106,420","43,200","62,831","18,165,707,276","157,772,868.19",2024-03-02,0.00000025,"10,952,615.25",8.5,48.19,"7,860","15,958,866,227",0.72721065,"86,400","43,200","230,662,088","420,502.48",0.8969872100889802,mainnet,389,"157,772,868.19","106,881,716",0.05620648660181035,"13,406,237",0,7.6,"24,810,673","19,187,341.5",0.000004590678947035,"210,251.24","771,425,535,054.27",0.89699180077,"191,212,504","230,662,088","62,051",0.000098381850018,mode,0.00019676370003510708,mode,1.45
0.684000000000056,"98,338","43,200","54,725","16,752,464,412","130,952,136.53",2024-03-01,0.00000025,"8,969,215.5",7.83,54.8,"7,437","14,542,102,503",0.6333912037037037,"86,400","43,200","191,450,492","387,788.53",0.65,mainnet,412,"130,952,136.53","83,966,648",0.0449658326960071,"10,509,938",0,7.18,"21,925,282","17,210,412",0.000004236054,"193,894.26","815,273,255,220",0.653897748198062,"168,374,848","191,450,492","54,084",0.00009063,mode,0.0001812574243098,mode,1.27
0.684000000000095,"91,775","43,200","48,260","16,612,367,418","124,979,579.86",2024-02-29,0.00000025377618520055,"8,776,202.5",9.22,69.08,"6,981","14,411,485,031",0.56,"86,400","43,200","182,718,684","384,545.54",0.59,mainnet,315,"124,979,579.86","87,912,360",0.041042,"10,485,438",0,8.63,"21,856,714","16,989,637.25",0.0000042,"192,272.77","961,995,661,257.27",0.59,"171,982,996","182,718,684","47,492",0.00010677043306085,mode,0.00021354087,mode,1.12
0.684000000000097,"91,140","43,200","47,480","18,945,223,540","117,777,404.59",2024-02-28,0.00000025,"8,171,845.75",8.13,61.99,"7,032","16,728,113,976",0.549537037037037,"86,400","43,200","172,189,188","438,546.84",0.833611769081027,mainnet,460,"117,777,404.59","79,091,292",0.049833267429027,"9,645,699",0,7.3,"21,080,723","16,424,436.5",0.0000048083,"219,273.42","1,133,706,963,191.55",0.83,"163,630,664","172,189,188","46,709",0.00009415000092,mode,0.0001883000018,mode,1.1
0.684000000000077,"96,033","43,200","52,158","19,724,396,792","126,600,733.73",2024-02-27,0.000000255846705081,"8,703,484.75",6.85,47.94,"7,305","17,481,860,996",0.60368056,"86,400","43,200","185,088,792","456,583.26",0.7779495137877095,mainnet,675,"126,600,733.73","82,507,852",0.0445006714589017,"10,303,951",0,6.07,"21,837,691","17,014,788.25",0.000005039,"228,291.63","819,207,150,576.18",0.78,"167,752,708","185,088,792","51,313",0.00007924627450428083,mode,0.0001584925490086,mode,1.21
0.684000000000002,"109,550","43,200","65,323","20,689,296,400","158,990,598.86",2024-02-26,0.00000025,"10,955,609.5",7.18,39.6,"8,759","18,410,059,854",0.7560532407407408,"86,400","43,200","232,442,396","478,918.9",0.88691803062,mainnet,"1,027","158,990,598.86","104,218,328",0.048176012,"12,970,604",0,6.3,"24,659,000","19,358,255.25",0.0000052,"239,459.45","754,046,843,440.28",0.8869232604585033,"190,541,684","232,442,396","64,289",0.0000831378428055,mode,0.000166275685611032,mode,1.51
0.68,"129,356","43,200","84,128","27,779,382,681","198,420,066.14",2024-02-25,0.00000025,"13,535,066.5",6.39,28.22,"9,911","25,392,715,696",0.9737037037037037,"86,400","43,200","290,087,816","643,041.27",0.7862651767308093,mainnet,"2,028","198,420,066.14","125,029,800",0.03096,"16,143,303",0,5.6,"28,274,583","22,198,318",0.00000705,"321,520.63","721,277,971,204.03",0.79,"214,433,760","290,087,816","83,018",0.0000739119335094,mode,0.000147823867019,mode,1.95
0.68,"117,923","43,200","72,714","23,027,482,589","170,217,006.05",2024-02-24,0.000000252779352055,"11,588,139.5",5.7,27.92,"9,245","20,641,603,970",0.84,"86,400","43,200","248,855,272","533,043.58",0.9441756038,mainnet,"2,009","170,217,006.05","106,297,400",0.04574166934089,"13,584,803",0,4.75,"25,706,663","20,245,128",0.0000058197087,"266,521.79","577,960,233,526.67",0.9441814234614032,"195,621,824","248,855,272","71,822",0.0000659345626242045,mode,0.000131869125248409,mode,1.68
0.68,"121,622","43,200","76,618","25,428,882,530","176,839,931.81",2024-02-23,0.000000254878017,"11,955,919.25",8.28,41.55,"9,192","23,064,874,825",0.8867824074074074,"86,400","43,200","258,537,912","588,631.54",0.934613657656088,mainnet,"1,804","176,839,931.81","107,934,324",0.04052136164076097,"13,752,969",0,7.35,"25,787,897","20,563,193.25",0.0000065,"294,315.77","962,653,623,973.91",0.93462013,"196,686,356","258,537,912","75,127",0.0000958616896615019,mode,0.0001917233793230038,mode,1.77
0.6840000000000037,"110,100","43,200","65,576","20,147,725,526","150,655,982.26",2024-02-22,0.00000025,"10,079,994.5",13.55,47.36,"8,520","17,836,296,534",0.76,"86,400","43,200","220,257,284","466,382.54",6.42,mainnet,"1,324","150,655,982.26","89,933,224",0.36,"11,276,947",0,7.13,"23,096,739","18,559,958.25",0.0000051076,"233,191.27","858,586,389,069.23",6.42,"177,170,532","220,257,284","64,418",0.000156824802243056,mode,0.0003136496045,mode,1.52
0.684000000000018,"107,154","43,200","62,542","12,879,845,397","145,218,871.73",2024-02-21,0.000000252005069704,"9,761,704.5",12.85,40.12,"10,129","10,560,910,540",0.7238657407407407,"86,400","43,200","212,308,292","298,144.57",7.03,mainnet,"1,412","145,218,871.73","88,141,576",0.66530904063,"11,025,094",0,5.83,"22,882,326","18,262,974.75",0.0000032,"149,072.28","422,991,718,388.44",7.03,"175,624,044","212,308,292","61,697",0.00015,mode,0.000297517845131022,mode,1.45
0.68,"118,392","43,200","73,462","15,359,536,814","168,540,286.75",2024-02-20,0.000000252015,"11,276,882.75",14,36.49,"9,231","13,005,784,730",0.85025,"86,400","43,200","246,403,928","355,544.83",7.85,mainnet,"1,730","168,540,286.75","100,503,468",0.603476019,"12,627,882",0,6.15,"24,628,370","19,862,273.75",0.000003870817790089,"177,772.42","476,633,181,190.64",7.85,"188,985,884","246,403,928","72,227",0.000162014083,mode,0.000324028,mode,1.7
0.68,"124,331","43,200","79,248","15,704,211,962","177,519,756.67",2024-02-19,0.00000025200845133405,"11,753,520",14.58,33.64,"10,085","13,332,191,517",0.92,"86,400","43,200","259,531,808","363,523.43",8.61,mainnet,"1,883","177,519,756.67","101,834,496",0.6454538165599303,"13,089,540",0,5.97,"25,160,208","20,382,139.75",0.000004,"181,761.71","451,868,488,691.3",8.61,"190,842,108","259,531,808","78,097",0.000168708284222047,mode,0.000337416568444094,mode,1.83
0.6839999999998905,"150,127","43,200","103,858","19,961,891,637","230,945,018.54",2024-02-18,0.000000252030808056,"15,260,537.25",16.02,22.38,"11,871","17,469,424,363",1.2,"86,400","43,200","337,638,916","462,080.82",10.85,mainnet,"3,069","230,945,018.54","131,171,092",0.62,"16,913,308",0,5.17,"29,506,224","24,195,903.5",0.000005030999079,"231,040.41","391,408,001,637.05",10.85,"223,796,280","337,638,916","102,097",0.00018542260710069,mode,0.0003708452142014,mode,2.4
0.6839999999999402,"165,458","43,200","118,199","23,290,305,092","266,028,535.87",2024-02-17,0.000000252060088,"17,657,608",17.99,19.46,"13,329","20,692,004,449",1.37,"86,400","43,200","388,930,608","539,127.43",12.81,mainnet,"4,059","266,028,535.87","153,921,216",0.61923633036,"19,963,650",0,5.18,"32,995,214","26,851,497.75",0.00000587053,"269,563.72","401,995,424,866.81",12.81,"249,605,660","388,930,608","115,628",0.0002082260042,mode,0.00041645200835057,mode,2.74
0.68,"160,582","43,200","114,126","22,895,521,972","266,228,140.75",2024-02-16,0.000000252083,"17,897,324.25",19.5,27.2,"12,527","20,381,865,003",1.32,"86,400","43,200","389,222,428","529,988.93",12.26,mainnet,"3,256","266,228,140.75","162,188,100",0.6016,"21,199,908",0,7.24,"33,876,868","26,882,062.5",0.00000577152052,"264,994.47","558,407,318,946.5",12.26,"255,399,784","389,222,428","111,785",0.00022571345553754063,mode,0.000451426911075081,mode,2.64
0.68,"159,892","43,200","114,420","23,213,442,122","269,432,760.1",2024-02-15,0.00000025210031,"18,192,908.75",21.56,34.36,"13,679","20,804,207,131",1.32,"86,400","43,200","393,907,544","537,348.2",12.3,mainnet,"2,272","269,432,760.1","166,597,580",0.59,"21,690,728",0,9.26,"33,930,472","26,920,476.75",0.000005852039,"268,674.1","705,201,286,781.23",12.3,"256,765,132","393,907,544","111,547",0.00025,mode,0.0005,mode,2.65
0.684000000000021,"186,278","43,200","139,741","27,099,140,581","318,380,139.36",2024-02-14,0.00000025,"21,215,653.5",22.7,26.01,"15,054","24,578,127,191",1.62,"86,400","43,200","465,468,040","627,294.92",14.42,mainnet,"3,337","318,380,139.36","187,412,248",0.5867119437447079,"24,756,724",0,8.28,"37,465,432","30,218,719.25",0.0000068,"313,647.46","637,863,262,001.36",14.42,"280,829,044","465,468,040","135,446",0.00026276032685032,mode,0.00052552065370064,mode,3.23
0.684000000000059,"192,140","43,200","145,701","26,507,207,554","332,601,730.56",2024-02-13,0.000000252044926068,"22,170,829.75",26.14,30,"14,437","23,997,966,503",1.69,"86,400","43,200","486,259,840","613,592.77",16.16,mainnet,"3,239","332,601,730.56","196,210,588",0.6735181368203109,"26,154,799",0,9.98,"38,820,491","31,148,277",0.00000668099,"306,796.38","716,400,446,017.85",16.16,"289,324,112","486,259,840","137,378",0.0003025658735068808,mode,0.000605131747014,mode,3.37
0.68,"158,609","43,200","112,218","18,317,528,993","240,654,196.08",2024-02-12,0.000000252038526085,"15,704,780.25",23.06,41.25,"14,720","15,809,639,777",1.3,"86,400","43,200","351,833,620","424,016.87",13.13,mainnet,"3,191","240,654,196.08","129,183,300",0.83044,"16,876,392",0,9.93,"29,521,348","24,671,015.75",0.0000046167004078,"212,008.44","667,802,752,427.04",13.13,"222,169,660","351,833,620","108,046",0.0002668405465130104,mode,0.0005336810930260208,mode,2.6
0.6839999999999011,"155,426","43,200","107,516","16,735,235,686","221,192,081.42",2024-02-11,0.000000252041704,"14,132,154.25",19.07,27.13,"13,273","14,063,562,616",1.24,"86,400","43,200","323,380,236","387,389.71",13.07,mainnet,"4,709","221,192,081.42","109,137,060",0.93,"14,023,953",0,6,"27,341,573","23,494,289.25",0.000004217936341405,"193,694.86","379,396,396,499.78",13.07,"206,805,140","323,380,236","105,119",0.0002207571074,mode,0.00044,mode,2.49
0.6839999999999057,"154,172","43,200","107,652","16,507,643,765","217,324,701.65",2024-02-10,0.000000252031,"13,726,106.5",21.76,34.52,"11,476","13,987,947,615",1.25,"86,400","43,200","317,726,172","382,121.38",14.25,mainnet,"3,320","217,324,701.65","102,492,328",1.02,"13,628,854",0,7.5,"26,331,414","22,726,320.25",0.00000416042,"191,060.69","479,561,621,034.37",14.25,"195,881,988","317,726,172","103,333",0.00025179914509483803,mode,0.00050359829019,mode,2.49
0.68,"143,572","43,200","99,006","14,654,364,264","196,240,029.55",2024-02-09,0.000000252018,"12,256,030.75",26.11,65.74,"10,455","12,342,982,648",1.15,"86,400","43,200","286,900,628","339,221.4",13.2,mainnet,"1,366","196,240,029.55","88,377,964",1.07,"11,396,233",0,12.9,"23,234,401","20,746,611.75",0.0000037,"169,610.7","807,449,426,986.72",13.2,"175,739,452","286,900,628","94,532",0.000302152853542049,mode,0.000604305707084097,mode,2.29
0.68,"169,497","43,200","124,434","18,334,384,471","248,630,019.12",2024-02-08,0.000000252048,"15,680,873.5",30.12,60.58,"14,810","15,967,665,800",1.44,"86,400","43,200","363,494,180","424,407.05",15.06,mainnet,"1,863","248,630,019.12","115,509,784",0.9431796014063,"14,875,063",0,15.06,"26,937,715","24,304,586.5",0.0000046211155005,"212,203.52","957,247,085,868.52",15.06,"204,460,648","363,494,180","115,516",0.00035,mode,0.0006972635078,mode,2.88
0.6840000000000701,"195,951","43,200","147,164","21,741,119,356","280,971,142.42",2024-02-07,0.00000025,"18,198,495.25",21.39,35.66,"16,300","18,939,903,353",1.7,"86,400","43,200","410,776,524","503,266.65",11.37,mainnet,"5,587","280,971,142.42","131,061,492",0.600141500275053,"16,698,234",0,10.02,"30,412,390","27,797,433.25",0.0000055,"251,633.33","672,378,625,470.46",11.37,"231,564,244","410,776,524","138,433",0.000247531505088,mode,0.00049506301018,mode,3.41
0.68,"183,772","43,200","135,934","19,866,674,682","247,247,521.06",2024-02-06,0.00000025,"15,875,948.25",17.64,35.12,"15,375","17,169,181,403",1.57,"86,400","43,200","361,472,984","459,876.73",8.96,mainnet,"4,638","247,247,521.06","106,118,980",0.521655204430015,"13,064,896",0,8.68,"26,362,584","25,231,142",0.0000050087715076,"229,938.36","591,968,165,244.19",8.96,"203,754,336","361,472,984","134,237",0.000204155461431094,mode,0.00040831092,mode,3.15
0.6840000000002053,"233,744","43,200","177,828","28,065,432,504","350,631,412.42",2024-02-05,0.00000025254430257055,"22,926,980.75",21.01,18.81,"19,990","24,450,689,267",2.06,"86,400","43,200","512,619,024","649,662.79",14.41,mainnet,"12,716","350,631,412.42","173,354,828",0.59,"21,907,775",0,6.6,"38,807,439","34,412,551.75",0.000007087626845042,"324,831.39","458,329,181,858.23",14.41,"296,287,356","512,619,024","175,303",0.00024312250368703037,mode,0.00048624500737406073,mode,4.12
0.68400000000015,"228,663","43,200","164,525","29,914,096,417","339,890,234.83",2024-02-04,0.00000021965601514508,"22,468,067.75",22.65,16.47,"19,199","25,341,350,761",1.9,"86,400","43,200","496,915,548","692,455.94",17.05,mainnet,"20,938","339,890,234.83","180,485,884",0.67265045,"22,838,089",0,5.6,"43,407,537","36,126,092.25",0.0000064868692059,"346,227.97","412,733,941,102.54",17.05,"329,232,132","496,915,548","162,019",0.00026209659587387094,mode,0.00052,mode,3.81
0.6839999999999085,"166,697","43,200","106,554","21,192,674,950","249,428,496.1",2024-02-03,0.00000013,"16,972,569",19.15,17.19,"15,620","17,082,257,040",1.23,"86,400","43,200","364,661,544","490,571.18",14.86,mainnet,"16,943","249,428,496.1","155,630,352",0.870036821095,"19,423,986",0,4.29,"38,192,814","29,550,148.75",0.00000279090011,"245,285.59","291,647,147,138.81",14.86,"291,436,044","364,661,544","104,285",0.000221651654085,mode,0.00044330330817064,mode,2.47
0.68,"124,289","43,200","67,014","15,336,924,856","161,791,376.4",2024-02-02,0.000000116069361053,"11,092,799",15.91,20.86,"10,925","11,558,127,348",0.78,"86,400","43,200","236,537,100","355,021.41",12.54,mainnet,"14,075","161,791,376.4","104,573,552",1.08,"13,000,034",0,3.37,"30,484,942","22,907,545.25",0.000001777275318503,"177,510.7","241,615,685,349.95",12.54,"231,294,292","236,537,100","66,083",0.00018416358271025,mode,0.0003683271654205074,mode,1.55
0.684000000000071,"112,528","43,200","53,645","14,142,508,071","138,228,098.98",2024-02-01,0.000000102081,"9,658,819",15.6,26.21,"9,258","10,165,437,769",0.6208912037037037,"86,400","43,200","202,087,864","327,372.87",11.97,mainnet,"15,683","138,228,098.98","96,175,344",1.18,"11,638,590",0,3.62,"29,889,994","21,942,534.75",0.0000014409013,"163,686.44","263,746,081,814.64",11.97,"228,650,092","202,087,864","52,906",0.0001805089,mode,0.000361018,mode,1.24
0.684000000000063,"74,329","43,200","23,837","7,562,882,177","68,877,607.1",2024-01-31,0.000000085,"4,974,551",7.38,26.44,"4,110","4,556,963,899",0.2758912037037037,"86,400","43,200","100,698,256","175,066.72",5.56,mainnet,"7,292","68,877,607.1","53,658,160",1.22,"6,004,876",0,1.82,"20,514,748","15,049,113.75",0.000000641073,"87,533.36","121,805,095,047.83",5.56,"159,915,868","100,698,256","23,584",0.000085412524063,mode,0.000170825048,mode,0.5517824074074074
0.68,"49,956","43,200","6,723","3,218,386,282","23,330,514.96",2024-01-30,0.00000008165568330086,"1,774,358.25",1.68,26.49,"1,201","1,046,659,880",0.078,"86,400","43,200","34,108,940","74,499.68",1.06,mainnet,33,"23,330,514.96","21,075,108",1.01,"2,111,745",0,0.618004045,"13,358,213","9,915,643.25",0.00000026,"37,249.84","28,980,564,142.25",1.06,"104,298,164","34,108,940","6,676",0.000019,mode,0.00003885055,mode,0.16
0.68,"49,522","43,200","6,279","3,239,194,315","24,802,764.77",2024-01-29,0.000000078678644058,"1,917,198.25",1.5,17.08,871,"1,066,743,844",0.073,"86,400","43,200","36,261,352","74,981.35",1.08,mainnet,43,"24,802,764.77","23,843,620",1.01,"2,485,567",0,0.4237391720622909,"13,736,171","10,060,989.25",0.00000025,"37,490.67","18,294,948,216.33",1.08,"107,095,892","36,261,352","6,112",0.00001736022546047032,mode,0.00003472045092094065,mode,0.15
0.68,"43,475","43,200",257,"2,224,960,512","1,663,427.81",2024-01-28,0.00000007422039,"137,536.5",0.060055,11.55,45,"54,883,092",0.002974537037037037,"86,400","43,200","2,431,912","51,503.72",0.040838244032084,mainnet,18,"1,663,427.81","1,920,968",0.744098181093,"160,916",0,0.019,"11,400,988","8,275,252.25",0.00000016,"25,751.86","641,101,748.97",0.0408384089,"85,103,236","2,431,912",257,0.00000069508503732501,mode,0.00000139017007465003,mode,0.005949074074074075
0.68,"43,430","43,200",225,"2,323,200,714","6,697,150.7",2024-01-27,0.00000007018,"600,863",0.10019,12.76,23,"155,491,120",0.0026042,"86,400","43,200","9,791,156","53,777.79",0.014735513451058,mainnet,5,"6,697,150.7","9,369,008",0.0947686069,"629,402",0,0.085450587036,"11,863,534","8,735,157.5",0.00000016337026,"26,888.9","1,997,787,132.38",0.014735676821319809,"92,510,680","9,791,156",220,0.00000115956323909107,mode,0.0000023,mode,0.0052083
0.68,"43,289","43,200",87,"2,230,783,404","3,265,276.46",2024-01-26,0.00000006504094529705,"294,085.5",0.0791238056,22.37,12,"62,542,372",0.0010069,"86,400","43,200","4,773,796","51,638.5",0.006071028,mainnet,2,"3,265,276.46","4,610,712",0.097073,"318,027",0,0.073053,"11,550,931","8,427,433.25",0.00000014,"25,819.25","1,408,302,392.07",0.006071172434606041,"87,740,500","4,773,796",87,0.00000091578478701076,mode,0.000001831569574022,mode,0.002014
0.68,"43,283","43,200",81,"2,201,856,203","1,435,010.11",2024-01-25,0.000000063,"126,935",0.05907277023,29.22,14,"33,353,467",0.00094,"86,400","43,200","2,097,968","50,968.89",0.017,mainnet,2,"1,435,010.11","1,942,832",0.51384266068,"137,768",0,0.041934336007054,"11,370,608","8,260,279.5",0.00000014,"25,484.45","1,168,158,282.73",0.017,"85,072,568","2,097,968",81,0.00000068,mode,0.0000014,mode,0.0019
0.68,"43,626","43,200",415,"2,404,192,115","11,587,299.26",2024-01-24,0.000000057932633085,"1,038,912.75",0.23054,15.51,23,"235,302,224",0.00480324074074074,"86,400","43,200","16,940,496","55,652.6",0.05079094,mainnet,11,"11,587,299.26","16,171,084",0.22,"1,098,535",0,0.179753509,"12,335,347","9,174,976",0.0000001398068,"27,826.3","3,733,512,107.59",0.050791083,"99,334,528","16,940,496",415,0.00000266834018071,mode,0.00000533668036,mode,0.0096065
0.68,"43,368","43,200",159,"2,325,906,922","1,988,051.47",2024-01-23,0.000000055,"173,024.75",0.0583093,16.21,13,"157,439,200",0.00184028,"86,400","43,200","2,906,508","53,840.44",0.026073751720195045,mainnet,9,"1,988,051.47","2,595,404",0.17,"242,324",0,0.03223540369675104,"11,478,360","8,307,436.5",0.00000012792488071,"26,920.22","1,646,561,421.48",0.026073879645076,"85,734,600","2,906,508",159,0.0000006748759646045,mode,0.000001349751929209,mode,0.00368056
0.68,"43,303","43,200",101,"2,184,203,191","1,640,163.6",2024-01-22,0.000000055,"144,596.5",0.0321531015,18.91,12,"18,119,882",0.0012,"86,400","43,200","2,397,900","50,560.26",0.0011,mainnet,2,"1,640,163.6","2,203,656",0.062530380303,"163,680",0,0.031020058,"11,396,616","8,278,309.25",0.000000120131175505,"25,280.13","341,732,942.57",0.001133043112505,"85,339,284","2,397,900",101,0.00000037214237843503,mode,0.00000074428475687007,mode,0.0023
0.68,"43,269","43,200",68,"2,173,556,540","705,370.9",2024-01-21,0.000000055,"60,819.75",0.010907,12.84,11,"8,418,434",0.000787037037037037,"86,400","43,200","1,031,244","50,313.81",0.0018530047,mainnet,1,"705,370.9","899,132",0.22013,"67,412",0,0.009054,"11,299,832","8,194,216.25",0.0000001195456097,"25,156.9","108,362,361.76",0.00185312427725609,"84,030,788","1,031,244",67,0.00000013,mode,0.0000002524758559026,mode,0.001574074074074074
0.68,"43,324","43,200",113,"2,188,359,488","1,211,224.46",2024-01-20,0.000000055,"104,780.25",0.0363874007678017,15.63,22,"19,269,194",0.0013078703703703703,"86,400","43,200","1,770,796","50,656.47",0.01745428235726205,mainnet,11,"1,211,224.46","1,553,540",0.905819035,"111,188",0,0.01893299805077,"11,348,128","8,240,829.75",0.00000012036,"25,328.23","298,469,654.42",0.017454402717034,"84,716,764","1,770,796",113,0.00000042115047,mode,0.00000084230094,mode,0.0026157407407407405
0.68,"43,372","43,200",168,"2,195,060,429","1,609,799.47",2024-01-19,0.000000055,"138,215.5",0.067,31.38,31,"26,130,721",0.0019,"86,400","43,200","2,353,508","50,811.58",0.016,mainnet,4,"1,609,799.47","2,028,664",0.6281072341317081,"151,744",0,0.050510638323806,"11,385,488","8,272,072.75",0.00000012073,"25,405.79","770,270,540.67",0.016,"85,164,428","2,353,508",168,0.00000077457793075,mode,0.0000015491558615042,mode,0.0039
0.68,"43,315","43,200",115,"2,197,303,236","1,587,646.08",2024-01-18,0.000000055,"138,965.5",0.092769283411063,35.99,24,"29,098,176",0.001331019,"86,400","43,200","2,321,120","50,863.5",0.03563560058,mainnet,0,"1,587,646.08","2,098,328",1.22,"154,085",0,0.057,"11,386,085","8,272,063",0.00000012048,"25,431.75","975,000,106.14",0.035635721062,"85,226,288","2,321,120",115,0.000001074,mode,0.0000021,mode,0.002662037037037037
0.68,"43,346","43,200",139,"2,223,152,191","1,253,041.49",2024-01-17,0.000000054,"107,341.5",0.06482503994047,35.11,32,"53,864,019",0.0016088,"86,400","43,200","1,831,932","51,461.86",0.020836532310111067,mainnet,7,"1,253,041.49","1,566,232",0.386838055,"117,691",0,0.04398838758014,"11,352,759","8,242,192.75",0.00000012005022,"25,730.93","1,946,992,385.86",0.02083665236033,"84,714,636","1,831,932",137,0.00000075029,mode,0.00000150058,mode,0.0032
0.68,"43,266","43,200",63,"2,207,360,268","1,122,268.9",2024-01-16,0.00000005288640404,"99,291",0.0786638952938059,33.7,14,"38,582,085",0.00073,"86,400","43,200","1,640,744","51,096.3",0.0408430018,mainnet,3,"1,122,268.9","1,520,112",1.06,"107,613",0,0.0378207759095,"11,340,937","8,233,121.5",0.00000012,"25,548.15","1,296,112,656.46",0.04084,"84,656,536","1,640,744",63,0.000000910461751086,mode,0.0000018209235022,mode,0.0015
0.68,"43,212","43,200",10,"2,171,016,478","92,632.75",2024-01-15,0.000000051,"7,905.25",0.0052,30.6,9,"2,308,950",0.00011574074074074075,"86,400","43,200","135,428","50,255.01",0.0024,mainnet,2,"92,632.75","115,604",1.04,"9,536",0,0.002834248904681407,"11,242,376","8,141,655.5",0.00000011072184038,"25,127.51","65,738,263.21",0.002394498072,"83,251,832","135,428",10,0.0000000605179048,mode,0.0000001210358096,mode,0.00023
0.68,"43,211","43,200",11,"2,169,934,792","20,183.47",2024-01-14,0.000000051,"1,226.5",0.001534095,36.5,7,"967,948",0.00013,"86,400","43,200","29,508","50,229.97",0.000797282331006,mainnet,0,"20,183.47","7,656",0.8237973503538909,"1,044",0,0.0007367019149054,"11,233,044","8,133,223",0.00000011067,"25,114.99","34,340,568.83",0.00079739299768035,"83,118,000","29,508",11,0.000000018,mode,0.0000000355114563099,mode,0.00025
0.68,"43,252","43,200",46,"2,176,495,261","80,036.21",2024-01-13,0.000000051,"4,741.25",0.009907951165066,17.19,11,"6,724,257",0.0005324074074074074,"86,400","43,200","117,012","50,381.83",0.00853195026,mainnet,6,"80,036.21","25,812",1.27,"3,624",0,0.0013758899039,"11,238,400","8,139,328.5",0.0000001110013,"25,190.92","115,157,525.79",0.008532061,"83,171,080","117,012",46,0.0000001146753607068,mode,0.00000022935072,mode,0.001065
0.68,"43,267","43,200",66,"2,182,976,505","477,090",2024-01-12,0.000000050075801069,"40,030.75",0.028241659052,40.3,13,"13,691,179",0.00076,"86,400","43,200","697,500","50,531.86",0.009016706645503601,mainnet,1,"477,090","568,684",0.658585789481094,"41,437",0,0.0192248431215099,"11,273,857","8,173,266",0.0000001093,"25,265.93","484,552,022.37",0.00901681593064,"83,697,760","697,500",66,0.000000326871054,mode,0.0000006537421077,mode,0.0015
0.68,"43,304","43,200",103,"2,230,346,220","2,199,276.14",2024-01-11,0.00000005,"195,436.75",0.26503054,24.62,22,"62,153,134",0.0012,"86,400","43,200","3,215,316","51,628.38",0.21088,mainnet,1,"2,199,276.14","3,014,924",3.39,"206,219",0,0.054,"11,438,639","8,328,882",0.0000001115174048,"25,814.19","1,650,365,637.33",0.210876837993029,"86,147,360","3,215,316",100,0.0000030674830743019,mode,0.0000061349661486039,mode,0.0024
0.68,"43,228","43,200",28,"2,169,331,018","42,109.78",2024-01-10,0.00000005,"2,243.25",0.0042277022,77.94,16,"1,047,138",0.00032407407407407406,"86,400","43,200","61,564","50,216",0.0009457081601809,mainnet,0,"42,109.78","5,428",0.903239713134085,844,0,0.003281885558780028,"11,232,844","8,135,254.5",0.0000001084665509,"25,108","85,164,412.49",0.00095,"83,132,008","61,564",28,0.000000049,mode,0.000000098,mode,0.00065
0.68,"43,244","43,200",43,"2,214,318,967","1,976,984.35",2024-01-09,0.000000050106048,"178,782",0.0295023345444074,14.15,8,"46,578,877",0.0005,"86,400","43,200","2,890,328","51,257.38",0.001537336148220609,mainnet,1,"1,976,984.35","2,813,728",0.0330073837874029,"189,535",0,0.028,"11,421,955","8,312,202.5",0.0000001107213046,"25,628.69","655,420,124.51",0.0015,"85,945,768","2,890,328",43,0.00000034146220537509,mode,0.00000068292441075017,mode,0.0009953703703703704
0.68,"43,322","43,200",119,"2,225,069,023","2,450,854.08",2024-01-08,0.000000050042097,"217,798",0.05644957054,18.89,17,"57,701,961",0.0014,"86,400","43,200","3,583,120","51,506.23",0.010161048,mainnet,3,"2,450,854.08","3,355,296",0.1760972879556089,"234,879",0,0.046288411701958035,"11,468,139","8,351,640.25",0.00000011,"25,753.11","1,149,016,883.15",0.01016115884182032,"86,491,908","3,583,120",118,0.00000065335151092,mode,0.000001306703022,mode,0.0028
0.68,"43,263","43,200",62,"2,171,572,282","171,257.18",2024-01-07,0.00000005,"12,154",0.01112851018,32.18,14,"4,350,196",0.00072,"86,400","43,200","250,376","50,267.88",0.005616602109,mainnet,1,"171,257.18","127,008",1.29,"10,878",0,0.005511799490382601,"11,243,298","8,145,486.75",0.0000001086,"25,133.94","137,956,236.1",0.00561671069,"83,257,644","250,376",62,0.0000001288022011,mode,0.0000002576044023,mode,0.0014
0.68,"43,266","43,200",61,"2,174,044,245","318,150.29",2024-01-06,0.00000005,"25,762.25",0.00878801710067,20.03,18,"7,675,083",0.000706019,"86,400","43,200","465,132","50,325.1",0.0024,mainnet,5,"318,150.29","345,828",0.314919456998068,"27,957",0,0.00637098,"11,262,057","8,160,303",0.0000001087022,"25,162.55","153,370,862.37",0.00241703297078,"83,491,440","465,132",61,0.00000010171316089,mode,0.0000002034,mode,0.001412037037037037
0.68,"43,250","43,200",48,"2,188,467,348","526,767.55",2024-01-05,0.00000005,"45,301",0.03688444741028,22.22,16,"20,723,820",0.00056,"86,400","43,200","770,128","50,658.97",0.0251790476024052,mainnet,2,"526,767.55","672,592",1.21,"46,174",0,0.011705290384510033,"11,279,014","8,177,551.25",0.0000001094,"25,329.48","409,118,564.36",0.025179157026,"83,784,820","770,128",48,0.0000004269033265079,mode,0.000000853806653016,mode,0.0011
0.68,"43,334","43,200",134,"2,256,397,577","4,171,543.63",2024-01-04,0.00000005,"375,025.25",0.079365028,17.1,20,"87,683,049",0.00155093,"86,400","43,200","6,098,748","52,231.43",0.0080519997481015,mainnet,0,"4,171,543.63","5,854,612",0.091832032072,"388,297",0,0.07131291588018905,"11,620,297","8,508,133.25",0.00000011,"26,115.71","1,506,744,603.35",0.00805211256798033,"88,982,740","6,098,748",134,0.00000091857671815011,mode,0.00000183715343630022,mode,0.0031019
0.68,"43,260","43,200",59,"2,227,298,478","2,728,194.19",2024-01-03,0.00000005,"246,511.25",0.13,39.7,15,"59,167,528",0.0006828703703703704,"86,400","43,200","3,988,588","51,557.84",0.01987660810062507,mainnet,1,"2,728,194.19","3,879,988",0.34,"254,311",0,0.10830941038,"11,486,731","8,380,066.75",0.00000011136497081,"25,778.92","2,277,384,257.72",0.02,"87,014,188","3,988,588",59,0.0000015,mode,0.000003,mode,0.0013657407407407407
0.68,"43,244","43,200",43,"2,182,114,195","530,072.64",2024-01-02,0.00000005,"46,157.75",0.01781077,16.77,22,"13,979,785",0.0005,"86,400","43,200","774,960","50,511.9",0.008923095,mainnet,1,"530,072.64","691,740",0.6382934029,"48,852",0,0.00888756073,"11,281,272","8,179,548.25",0.0000001091057098,"25,255.95","237,508,264.01",0.0089232045,"83,823,300","774,960",43,0.0000002061,mode,0.00000041,mode,0.0009953703703703704
0.68,"43,233","43,200",30,"2,175,705,462","142,783.63",2024-01-01,0.00000005,"11,380.5",0.0119651547075,13.41,16,"8,316,804",0.00035,"86,400","43,200","208,748","50,363.55",0.010051,mainnet,3,"142,783.63","149,448",1.21,"13,404",0,0.001914049,"11,246,664","8,145,191.25",0.0000001088,"25,181.78","117,294,118.45",0.0100511054118402,"83,285,556","208,748",29,0.00000014,mode,0.00000028,mode,0.00069
0.68,"43,278","43,200",77,"2,177,245,202","197,076.82",2023-12-31,0.00000005,"13,815",0.0101058,13.81,17,"8,292,004",0.0008912037037037037,"86,400","43,200","288,124","50,399.19",0.007384279186026,mainnet,1,"197,076.82","137,264",0.89054,"15,212",0,0.0027,"11,247,632","8,146,886",0.0000001088622601,"25,199.6","113,802,338.98",0.007384388048,"83,263,712","288,124",77,0.0000001169658151012,mode,0.0000002339316302024,mode,0.0017824074074074075
0.68,"43,315","43,200",104,"2,197,491,561","1,042,924.9",2023-12-30,0.00000005,"89,556.5",0.06630533068,14.71,45,"28,873,615",0.0012037037037037038,"86,400","43,200","1,524,744","50,867.86",0.05096057808,mainnet,11,"1,042,924.9","1,319,752",1.76,"97,552",0,0.015,"11,334,172","8,225,260.5",0.0000001099,"25,433.93","429,089,259.71",0.050960687954345704,"84,477,448","1,524,744",103,0.0000007674228088,mode,0.0000015,mode,0.0024074074074074076
0.68,"43,231","43,200",30,"2,174,585,392","136,783.58",2023-12-29,0.00000005,"10,851.5",0.010462835497285081,25.74,16,"5,694,606",0.00035,"86,400","43,200","199,976","50,337.62",0.0069412967074607,mainnet,1,"136,783.58","140,984",1.22,"12,920",0,0.00352143006055,"11,245,340","8,144,296.75",0.0000001087,"25,168.81","150,271,639.38",0.0069414054367303,"83,273,420","199,976",30,0.00000012109763307043,mode,0.00000024219526614086,mode,0.00069
0.68,"43,201","43,200",1,"2,168,207,637","1,967.18",2023-12-28,0.00000005,124.5,0.000438939527651301,24.31,2,"260,741",0.00001157407407407407,"86,400","43,200","2,876","50,189.99",0.0003910031027,mainnet,0,"1,967.18",904,1.5,100,0,0.000047828015,"11,232,100","8,133,036.75",0.00000010841038,"25,095","6,339,378.71",0.00039111151303705,"83,125,900","2,876",1,0.00000000508031860708,mode,0.00000001016064,mode,0.000023
0.68,"43,223","43,200",23,"2,171,991,137","83,333.09",2023-12-27,0.00000005,"6,295.25",0.0084,40.08,16,"3,988,961",0.0002662037037037037,"86,400","43,200","121,832","50,277.57",0.0050754012,mainnet,0,"83,333.09","75,700",1.27,"7,216",0,0.003340258468017,"11,239,216","8,138,093.75",0.0000001086,"25,138.79","155,435,932.46",0.00507550977144805,"83,182,876","121,832",23,0.0000000974047,mode,0.0000001948094,mode,0.0005324074074074074
0.68,"43,231","43,200",30,"2,174,400,112","213,260.26",2023-12-26,0.00000005,"17,842.75",0.011462584901791032,14.61,15,"6,494,438",0.00035,"86,400","43,200","311,784","50,333.34",0.0083462779057,mainnet,1,"213,260.26","252,844",1.29,"21,121",0,0.003116198276069,"11,253,541","8,150,968.5",0.0000001087200056,"25,166.67","97,771,142.32",0.0083,"83,380,168","311,784",30,0.0000001326688067,mode,0.00000027,mode,0.00069
0.68,"43,216","43,200",15,"2,169,412,829","98,156.74",2023-12-25,0.00000005,"8,159",0.00395961899791041,15.94,11,"3,166,359",0.00017,"86,400","43,200","143,504","50,217.89",0.002395071,mainnet,1,"98,156.74","114,224",0.7564460045,"8,522",0,0.0016,"11,240,942","8,141,459.5",0.00000010847064,"25,108.94","52,975,433.89",0.0024,"83,244,344","143,504",15,0.000000046,mode,0.000000092,mode,0.00035
0.68,"43,223","43,200",23,"2,171,948,613","92,318.11",2023-12-24,0.00000005,"7,216.25",0.008511957052,20.2,11,"5,363,457",0.0002662037037037037,"86,400","43,200","134,968","50,276.59",0.0066,mainnet,0,"92,318.11","90,436",1.24,"7,216",0,0.001865074,"11,239,216","8,140,488.5",0.00000010859743065,"25,138.29","107,554,376.45",0.0066,"83,221,192","134,968",23,0.000000098518021,mode,0.000000197036043,mode,0.0005324074074074074
0.68,"43,228","43,200",25,"2,181,164,993","460,753.34",2023-12-23,0.00000005,"40,776.5",0.0214527373447082,23.63,15,"12,556,139",0.00029,"86,400","43,200","673,616","50,489.93",0.01056272986013,mainnet,3,"460,753.34","625,224",0.84,"42,429",0,0.01089,"11,275,689","8,174,687",0.000000109058,"25,244.97","289,045,302.61",0.01056283891837505,"83,762,928","673,616",24,0.00000025,mode,0.0000005,mode,0.0005787037037037037
0.6840000000000002,"43,249","43,200",40,"2,188,880,631","429,683.33",2023-12-22,0.00000005,"36,902.75",0.043,35.98,22,"20,306,949",0.00046,"86,400","43,200","628,192","50,668.53",0.027,mainnet,9,"429,683.33","546,924",1.34,"50,412",0,0.01546045,"11,286,192","8,172,454.25",0.000000109444032,"25,334.27","700,135,656.49",0.027178894012,"83,704,356","628,192",40,0.0000004935109107,mode,0.000000987022,mode,0.00093
0.68,"43,207","43,200",7,"2,169,766,616","14,364",2023-12-21,0.00000005,918,0.00124408086,35.73,5,"860,664",0.000081019,"86,400","43,200","21,000","50,226.08",0.0007307892027024,mainnet,0,"14,364","7,072",0.85,976,0,0.00051,"11,232,976","8,134,008.75",0.0000001084883308,"25,113.04","30,555,064.98",0.000730897691033,"83,134,924","21,000",7,0.000000014399084028,mode,0.000000028798168056,mode,0.00016203703703703703
0.68,"43,317","43,200",116,"2,169,245,695","233,692.7",2023-12-20,0.00000005,"15,702.75",0.013,39.5,10,"5,722,453",0.0013,"86,400","43,200","341,656","50,214.02",0.00338285757035,mainnet,1,"233,692.7","125,036",0.5911741053,"9,221",0,0.00922982772994012,"11,241,641","8,148,951.5",0.0000001085,"25,107.01","291,732,875.93",0.003382966033,"83,254,328","341,656",116,0.00000014598140928905,mode,0.00000029,mode,0.0027
0.68,"43,289","43,200",83,"2,202,405,167","1,472,528.88",2023-12-19,0.00000005,"130,069",0.20024,54.2,15,"33,995,295",0.00096065,"86,400","43,200","2,152,820","50,981.6",0.12044,mainnet,6,"1,472,528.88","1,990,800",3.54,"138,273",0,0.0798059,"11,372,985","8,264,223.25",0.00000011012036,"25,490.8","1,859,365,545.35",0.12043623286380051,"85,129,140","2,152,820",83,0.0000023,mode,0.0000046,mode,0.0019
0.68,"43,275","43,200",72,"2,198,784,527","1,254,538.08",2023-12-18,0.00000005,"111,062.5",0.14630371659356098,51.84,17,"30,294,421",0.00083,"86,400","43,200","1,834,120","50,897.79",0.08127207013,mainnet,3,"1,254,538.08","1,698,664",2.68,"119,953",0,0.06503153652096606,"11,353,245","8,244,678",0.0000001099,"25,448.89","1,558,463,398.1",0.081272180073,"84,831,648","1,834,120",72,0.000001693330053,mode,0.0000033866601063,mode,0.0017
0.68,"43,285","43,200",64,"2,182,793,918","249,309.79",2023-12-17,0.00000005,"19,539",0.0206027459931069,35.02,23,"12,933,134",0.0007407407407407407,"86,400","43,200","364,488","50,527.64",0.0118727692540036,mainnet,21,"249,309.79","242,992",0.9180202102367105,"19,801",0,0.0087298675994074,"11,260,845","8,156,598.5",0.0000001091,"25,263.82","468,911,653.37",0.012,"83,411,496","364,488",64,0.0000002384577083,mode,0.0000004769154165071,mode,0.0015
0.68,"43,224","43,200",21,"2,170,520,927","68,528.59",2023-12-16,0.00000005,"5,177.75",0.0060046,45.39,7,"2,855,153",0.000243056,"86,400","43,200","100,188","50,243.54",0.00289401052,mainnet,3,"68,528.59","59,996",1.01,"4,331",0,0.003110466734238055,"11,237,591","8,138,702",0.000000108526046,"25,121.77","135,678,138.24",0.002894119045,"83,191,520","100,188",21,0.0000000694975206,mode,0.000000138995041,mode,0.00049
0.68,"43,250","43,200",44,"2,178,388,132","139,763.09",2023-12-15,0.00000005,"10,454.25",0.011646037,46.36,14,"9,825,040",0.0005093,"86,400","43,200","204,332","50,425.65",0.0052,mainnet,6,"139,763.09","119,396",0.53,"9,947",0,0.006480075542518003,"11,244,499","8,145,119.75",0.0000001089194066,"25,212.83","447,931,592.67",0.0052,"83,265,916","204,332",44,0.00000013479209439058,mode,0.00000027,mode,0.001019
0.68,"43,255","43,200",48,"2,175,485,596","159,776.93",2023-12-14,0.00000005,"12,036.75",0.008052,44.1,14,"6,438,290",0.00056,"86,400","43,200","233,592","50,358.46",0.00100560118228507,mainnet,7,"159,776.93","140,364",0.1562076,"12,984",0,0.0070460568923046,"11,247,988","8,147,094.75",0.0000001088,"25,179.23","283,401,783.36",0.00100571,"83,292,076","233,592",46,0.000000093,mode,0.00000019,mode,0.0011
0.68,"43,254","43,200",52,"2,202,416,087","1,218,157.49",2023-12-13,0.00000005,"108,808.25",0.06617045077987509,51.3,11,"34,291,175",0.0006019,"86,400","43,200","1,780,932","50,981.85",0.0037,mainnet,2,"1,218,157.49","1,684,356",0.10735909601856307,"123,057",0,0.06248898123046073,"11,355,897","8,242,132.5",0.0000001101208043,"25,490.93","1,889,199,822.84",0.0037,"84,813,768","1,780,932",50,0.00000077,mode,0.0000015,mode,0.0012037037037037038
0.68,"43,281","43,200",74,"2,184,670,740","342,268.13",2023-12-12,0.00000005,"27,380",0.0303077066,31.2,17,"15,929,106",0.00086,"86,400","43,200","500,392","50,571.08",0.02,mainnet,7,"342,268.13","357,568",1.23,"27,631",0,0.010678775240058,"11,262,603","8,161,919.25",0.0000001092,"25,285.54","512,966,287.53",0.019628931345455305,"83,500,980","500,392",72,0.00000035078364103604,mode,0.00000070156728207207,mode,0.0017
0.68,"43,282","43,200",79,"2,194,101,586","595,917.22",2023-12-11,0.00000005,"50,328.5",0.0717078,26.45,19,"25,864,269",0.00091,"86,400","43,200","871,224","50,789.39",0.056,mainnet,3,"595,917.22","719,304",2.16,"54,948",0,0.01575913879024,"11,288,304","8,184,056.75",0.0000001097051,"25,394.69","705,393,605.78",0.055948628132049,"83,854,092","871,224",79,0.00000082995100604505,mode,0.0000016599020120901,mode,0.0018287037037037037
0.68,"43,227","43,200",18,"2,173,276,153","173,913.84",2023-12-10,0.00000005,"15,106.75",0.0097,24.68,15,"4,057,159",0.0002083,"86,400","43,200","254,260","50,307.32",0.00542486314108,mainnet,9,"173,913.84","222,124",1.34,"15,679",0,0.0042923068,"11,251,459","8,150,152.75",0.0000001086638076,"25,153.66","103,444,382.17",0.0054249718049,"83,371,468","254,260",18,0.0000001124685025,mode,0.000000224937005085,mode,0.00042
0.68,"43,256","43,200",55,"2,180,696,969","978,771.17",2023-12-09,0.00000005,"86,565.25",0.03361024044,32.99,13,"12,827,511",0.000636574074074074,"86,400","43,200","1,430,952","50,479.1",0.00131882281654905,mainnet,1,"978,771.17","1,325,204",0.10282056,"98,660",0,0.0322913086,"11,331,080","8,219,958.75",0.000000109035,"25,239.55","425,144,945.89",0.0013,"84,456,812","1,430,952",55,0.0000003890074,mode,0.000000778014825077,mode,0.0013
0.68,"43,310","43,200",110,"2,189,731,018","1,850,386.9",2023-12-08,0.00000005,"163,355.5",0.1063903068,55.67,23,"22,239,474",0.0013,"86,400","43,200","2,705,244","50,688.22",0.00338508363059,mainnet,0,"1,850,386.9","2,494,008",0.1522155208,"184,428",0,0.1030051,"11,416,428","8,295,314.5",0.0000001094865509,"25,344.11","1,194,625,361.62",0.0034,"85,603,752","2,705,244",110,0.0000012,mode,0.0000025,mode,0.0025
0.68,"43,226","43,200",26,"2,170,906,018","51,838.99",2023-12-07,0.00000005,"3,335.5",0.00415021089,52.66,12,"3,679,350",0.00030093,"86,400","43,200","75,788","50,252.45",0.00142037,mainnet,0,"51,838.99","25,080",0.386069,"3,144",0,0.0027297287046,"11,235,144","8,136,289.75",0.0000001085453009,"25,126.23","208,856,577.48",0.00142048,"83,150,748","75,788",26,0.000000048035,mode,0.00000009607,mode,0.0006019
0.68,"43,214","43,200",13,"2,169,391,392","32,490",2023-12-06,0.00000005,"2,295.75",0.002097,50.41,8,"2,271,310",0.00015046,"86,400","43,200","47,500","50,217.39",0.00046,mainnet,1,"32,490","22,588",0.20206394440455067,"2,608",0,0.00163767162062,"11,235,028","8,135,765.75",0.0000001085,"25,108.7","111,905,264.55",0.00046,"83,155,420","47,500",13,0.000000024,mode,0.0000000485329046,mode,0.00030093
0.68,"43,225","43,200",24,"2,172,854,876","79,242.77",2023-12-05,0.00000005,"5,896.75",0.007,54.76,9,"4,511,442",0.00028,"86,400","43,200","115,852","50,297.57",0.00264730079,mainnet,1,"79,242.77","68,236",0.58682111708041,"8,416",0,0.0043395787604054,"11,240,836","8,139,345",0.0000001086,"25,148.78","247,137,318.63",0.002647409434083,"83,200,720","115,852",24,0.00000008087,mode,0.00000016,mode,0.00056
0.68,"43,250","43,200",45,"2,180,072,947","112,608.29",2023-12-04,0.00000005,"7,896.5",0.009923067272091093,41.62,17,"10,833,297",0.00052083,"86,400","43,200","164,632","50,464.65",0.0052,mainnet,5,"112,608.29","77,384",0.48,"8,237",0,0.0047,"11,242,337","8,142,024",0.0000001090036,"25,232.33","431,762,738.72",0.00523630785019,"83,216,384","164,632",42,0.00000011485032,mode,0.00000022970063,mode,0.001042
0.68,"43,287","43,200",77,"2,186,724,161","566,570.88",2023-12-03,0.00000005,"47,755.75",0.031,31.77,31,"18,655,557",0.0008912037037037037,"86,400","43,200","828,320","50,618.61",0.0133754366735904,mainnet,10,"566,570.88","680,316",0.7169738223199904,"48,786",0,0.018,"11,284,986","8,183,136",0.00000010933620805,"25,309.31","604,653,274.77",0.0133755460098,"83,833,920","828,320",77,0.00000036312383622032,mode,0.00000072624767244063,mode,0.0017824074074074075
0.68,"43,263","43,200",59,"2,187,162,779","493,973.86",2023-12-02,0.00000005,"42,056.5",0.0293304088,30.77,18,"18,328,707",0.0006828703703703704,"86,400","43,200","722,184","50,628.77",0.0141322387075,mainnet,4,"493,973.86","608,712",0.7710499199770093,"45,873",0,0.01519806075,"11,279,553","8,176,233",0.0000001094,"25,314.38","565,719,259.87",0.01413234806563205,"83,749,584","722,184",56,0.00000034,mode,0.00000068,mode,0.0013657407407407407
0.68,"43,250","43,200",47,"2,190,588,521","937,279.73",2023-12-01,0.00000005,"83,288",0.1065,80.99,16,"22,210,363",0.00054,"86,400","43,200","1,370,292","50,708.07",0.03054,mainnet,3,"937,279.73","1,281,472",1.38,"86,665",0,0.0759099959097,"11,319,925","8,217,098.75",0.00000010952942605,"25,354.03","1,830,429,279.36",0.03054,"84,417,580","1,370,292",47,0.0000012320932045,mode,0.0000024641864089,mode,0.001088
0.68,"43,281","43,200",74,"2,202,647,706","874,849.68",2023-11-30,0.00000005,"76,047.5",0.09357276881598067,62.46,29,"33,909,264",0.00086,"86,400","43,200","1,279,020","50,987.22",0.038931050049,mainnet,7,"874,849.68","1,136,248",1.15,"79,144",0,0.0546416086,"11,314,084","8,210,810.5",0.00000011013,"25,493.61","2,142,113,923.38",0.03893116018,"84,283,240","1,279,020",72,0.000001083018,mode,0.000002166036,mode,0.0017
0.68,"43,257","43,200",51,"2,183,264,348","483,270.62",2023-11-29,0.00000005,"41,546",0.045,29.94,26,"14,569,960",0.00059028,"86,400","43,200","706,536","50,538.53",0.0306946072009024,mainnet,6,"483,270.62","609,248",2.11,"45,965",0,0.014471411402087,"11,280,485","8,174,765.75",0.000000109163267901,"25,269.26","445,751,912.23",0.03069,"83,732,636","706,536",51,0.0000005227561084056,mode,0.000001046,mode,0.00118056
0.68,"43,391","43,200",180,"2,201,466,654","534,195.79",2023-11-28,0.00000005,"38,932.5",0.04,48.44,40,"31,935,720",0.002083,"86,400","43,200","780,988","50,959.88",0.014077,mainnet,11,"534,195.79","427,080",0.4407933516039,"48,579",0,0.0258753001139048,"11,285,199","8,174,392",0.000000110073,"25,479.94","1,636,531,458.01",0.014077053055,"83,580,864","780,988",178,0.0000004624114950068,mode,0.000000924822990014,mode,0.0042
0.68,"43,381","43,200",153,"2,200,361,063","576,488.88",2023-11-27,0.00000005,"44,530.25",0.05664269220284037,36.54,55,"29,933,539",0.00177083,"86,400","43,200","842,820","50,934.28",0.035576339088,mainnet,28,"576,488.88","546,020",1.19,"53,816",0,0.021066243097,"11,298,056","8,184,200.5",0.000000110018053,"25,467.14","1,090,103,290.42",0.0355764491057,"83,748,680","842,820",150,0.00000065558671531065,mode,0.00000131117343062,mode,0.0035
0.68,"43,422","43,200",189,"2,206,870,293","657,400.61",2023-11-26,0.00000005,"50,176",0.050547284048093,21.51,89,"34,940,771",0.0022,"86,400","43,200","961,112","51,084.96",0.036406271044,mainnet,33,"657,400.61","597,184",1.04,"56,569",0,0.01414090266024,"11,302,429","8,191,312",0.00000011034,"25,542.48","728,470,720.13",0.0364064,"83,817,856","961,112",184,0.0000005850380098,mode,0.00000117007602,mode,0.0044
0.6840000000000002,"43,484","43,200",178,"2,217,698,023","1,097,499.89",2023-11-25,0.00000005,"92,116.25",0.0723047,20.06,106,"37,094,959",0.00206019,"86,400","43,200","1,604,532","51,335.6",0.050283406577303,mainnet,106,"1,097,499.89","1,280,196",1.36,"96,129",0,0.022021,"11,372,649","8,250,959.5",0.0000001108849011,"25,667.8","786,897,061.46",0.050283517462204094,"84,704,760","1,604,532",176,0.00000084,mode,0.0000017,mode,0.00412037037037037
0.68,"43,531","43,200",224,"2,237,219,768","1,709,050.61",2023-11-24,0.00000005,"145,999",0.1253646434315035,24.18,142,"56,978,516",0.0026,"86,400","43,200","2,498,612","51,787.49",0.08404511186085,mainnet,106,"1,709,050.61","2,092,272",1.48,"147,648",0,0.0413194197097,"11,424,168","8,304,609.5",0.00000011186099,"25,893.75","1,450,345,948.18",0.084045,"85,512,024","2,498,612",220,0.00000145098,mode,0.000002902,mode,0.0052
0.68,"43,543","43,200",246,"2,232,597,231","1,127,872.22",2023-11-23,0.00000005,"91,167.25",0.1292468073,29.94,111,"55,507,621",0.0028,"86,400","43,200","1,648,936","51,680.49",0.0954766434083,mainnet,97,"1,127,872.22","1,191,028",1.72,"93,388",0,0.033770052281831074,"11,366,128","8,247,567",0.00000011,"25,840.25","1,699,447,580.58",0.095476755038,"84,586,288","1,648,936",235,0.0000015,mode,0.000003,mode,0.0057
0.68,"43,366","43,200",149,"2,219,313,776","1,076,607.79",2023-11-22,0.00000005,"90,487",0.1056,36.52,29,"49,214,362",0.001724537037037037,"86,400","43,200","1,573,988","51,373",0.06632694813026,mainnet,17,"1,076,607.79","1,285,680",1.35,"99,702",0,0.039319715077,"11,338,842","8,227,565.75",0.00000011097,"25,686.5","2,137,811,119.54",0.066327059096,"84,458,844","1,573,988",139,0.0000012,mode,0.0000024,mode,0.003449074074074074
0.68,"43,353","43,200",141,"2,224,534,159","1,339,184.45",2023-11-21,0.00000005,"114,854",0.0833079,30.55,27,"54,779,687",0.0016,"86,400","43,200","1,957,872","51,493.85",0.0423920261886012,mainnet,12,"1,339,184.45","1,684,256",0.773866002837075,"134,339",0,0.04091580093053028,"11,371,379","8,250,699.5",0.00000011,"25,746.92","1,841,522,625.55",0.04239213741535609,"84,843,128","1,957,872",140,0.00000096,mode,0.0000019,mode,0.0033
0.68,"43,384","43,200",160,"2,225,717,687","1,129,377.02",2023-11-20,0.00000005,"94,713.25",0.0908082838069,32.86,56,"55,503,663",0.0019,"86,400","43,200","1,651,136","51,521.24",0.05370146403042,mainnet,24,"1,129,377.02","1,341,332",0.9675320945286003,"99,455",0,0.03710670849051,"11,341,535","8,232,290.5",0.00000011,"25,760.62","2,109,488,274.56",0.0537016,"84,514,856","1,651,136",153,0.00000105102180332075,mode,0.0000021020436066,mode,0.003703703703703704
0.68,"43,558","43,200",302,"2,260,019,791","2,249,769.02",2023-11-19,0.00000005,"188,737.25",0.1424522969021,18.4,79,"86,253,803",0.0034953703703703705,"86,400","43,200","3,289,136","52,315.27",0.101046,mainnet,56,"2,249,769.02","2,691,220",1.17,"203,848",0,0.04140583025366026,"11,459,368","8,335,238.25",0.000000113001083,"26,157.64","1,706,164,631.93",0.101046,"85,972,708","3,289,136",290,0.0000016,mode,0.0000032975069,mode,0.00699074074074074
0.68,"43,240","43,200",19,"2,198,003,345","296,667.22",2023-11-18,0.00000005,"26,358",0.0418363098,18.18,13,"27,401,327",0.0002199074074074074,"86,400","43,200","433,724","50,879.71",0.036442867014,mainnet,21,"296,667.22","401,056",1.33,"26,755",0,0.0054,"11,267,607","8,164,310.75",0.00000010990017,"25,439.85","525,559,814.91",0.036,"83,583,852","433,724",11,0.00000048,mode,0.00000096843309623108,mode,0.00044
0.68,"43,209","43,200",3,"2,169,705,571","7,381.73",2023-11-17,0.00000005,530,0.000695952013,31.63,3,"195,551",0.000035,"86,400","43,200","10,792","50,224.67",0.000462346024,mainnet,6,"7,381.73","5,216",2.36,377,0,0.0002334975035,"11,234,929","8,134,984.75",0.0000001085,"25,112.33","6,227,427.38",0.0004624545098,"83,148,364","10,792",3,0.00000000805500015,mode,0.0000000161100003066,mode,0.000069
,"5,809","5,808",0,"291,437,742",0,2023-11-16,,0,0,NaN,2,0,0,"11,616","5,808",0,"50,178.67",-0,mainnet,1,0,0,,0,1,0,"1,510,500","1,093,750.25",0.002493760001919087,"25,089.34",0,0,"11,179,812",0,0,0,mode,0,mode,0
